Fecha_ID,Fecha,Año,Trimestre,Mes,NombreMes,Dia,DiaSemana
20200301,3/1/2020,2020,1,3,Marzo,1,Domingo
20200302,3/2/2020,2020,1,3,Marzo,2,Lunes
20200303,3/3/2020,2020,1,3,Marzo,3,Martes
20200304,3/4/2020,2020,1,3,Marzo,4,Miércoles
20200305,3/5/2020,2020,1,3,Marzo,5,Jueves
20200306,3/6/2020,2020,1,3,Marzo,6,Viernes
20200307,3/7/2020,2020,1,3,Marzo,7,Sábado
20200308,3/8/2020,2020,1,3,Marzo,8,Domingo
20200309,3/9/2020,2020,1,3,Marzo,9,Lunes
20200310,3/10/2020,2020,1,3,Marzo,10,Martes
20200311,3/11/2020,2020,1,3,Marzo,11,Miércoles
20200312,3/12/2020,2020,1,3,Marzo,12,Jueves
20200313,3/13/2020,2020,1,3,Marzo,13,Viernes
20200314,3/14/2020,2020,1,3,Marzo,14,Sábado
20200315,3/15/2020,2020,1,3,Marzo,15,Domingo
20200316,3/16/2020,2020,1,3,Marzo,16,Lunes
20200317,3/17/2020,2020,1,3,Marzo,17,Martes
20200318,3/18/2020,2020,1,3,Marzo,18,Miércoles
20200319,3/19/2020,2020,1,3,Marzo,19,Jueves
20200320,3/20/2020,2020,1,3,Marzo,20,Viernes
20200321,3/21/2020,2020,1,3,Marzo,21,Sábado
20200322,3/22/2020,2020,1,3,Marzo,22,Domingo
20200323,3/23/2020,2020,1,3,Marzo,23,Lunes
20200324,3/24/2020,2020,1,3,Marzo,24,Martes
20200325,3/25/2020,2020,1,3,Marzo,25,Miércoles
20200326,3/26/2020,2020,1,3,Marzo,26,Jueves
20200327,3/27/2020,2020,1,3,Marzo,27,Viernes
20200328,3/28/2020,2020,1,3,Marzo,28,Sábado
20200329,3/29/2020,2020,1,3,Marzo,29,Domingo
20200330,3/30/2020,2020,1,3,Marzo,30,Lunes
20200331,3/31/2020,2020,1,3,Marzo,31,Martes
20200401,4/1/2020,2020,2,4,Abril,1,Miércoles
20200402,4/2/2020,2020,2,4,Abril,2,Jueves
20200403,4/3/2020,2020,2,4,Abril,3,Viernes
20200404,4/4/2020,2020,2,4,Abril,4,Sábado
20200405,4/5/2020,2020,2,4,Abril,5,Domingo
20200406,4/6/2020,2020,2,4,Abril,6,Lunes
20200407,4/7/2020,2020,2,4,Abril,7,Martes
20200408,4/8/2020,2020,2,4,Abril,8,Miércoles
20200409,4/9/2020,2020,2,4,Abril,9,Jueves
20200410,4/10/2020,2020,2,4,Abril,10,Viernes
20200411,4/11/2020,2020,2,4,Abril,11,Sábado
20200412,4/12/2020,2020,2,4,Abril,12,Domingo
20200413,4/13/2020,2020,2,4,Abril,13,Lunes
20200414,4/14/2020,2020,2,4,Abril,14,Martes
20200415,4/15/2020,2020,2,4,Abril,15,Miércoles
20200416,4/16/2020,2020,2,4,Abril,16,Jueves
20200417,4/17/2020,2020,2,4,Abril,17,Viernes
20200418,4/18/2020,2020,2,4,Abril,18,Sábado
20200419,4/19/2020,2020,2,4,Abril,19,Domingo
20200420,4/20/2020,2020,2,4,Abril,20,Lunes
20200421,4/21/2020,2020,2,4,Abril,21,Martes
20200422,4/22/2020,2020,2,4,Abril,22,Miércoles
20200423,4/23/2020,2020,2,4,Abril,23,Jueves
20200424,4/24/2020,2020,2,4,Abril,24,Viernes
20200425,4/25/2020,2020,2,4,Abril,25,Sábado
20200426,4/26/2020,2020,2,4,Abril,26,Domingo
20200427,4/27/2020,2020,2,4,Abril,27,Lunes
20200428,4/28/2020,2020,2,4,Abril,28,Martes
20200429,4/29/2020,2020,2,4,Abril,29,Miércoles
20200430,4/30/2020,2020,2,4,Abril,30,Jueves
20200501,5/1/2020,2020,2,5,Mayo,1,Viernes
20200502,5/2/2020,2020,2,5,Mayo,2,Sábado
20200503,5/3/2020,2020,2,5,Mayo,3,Domingo
20200504,5/4/2020,2020,2,5,Mayo,4,Lunes
20200505,5/5/2020,2020,2,5,Mayo,5,Martes
20200506,5/6/2020,2020,2,5,Mayo,6,Miércoles
20200507,5/7/2020,2020,2,5,Mayo,7,Jueves
20200508,5/8/2020,2020,2,5,Mayo,8,Viernes
20200509,5/9/2020,2020,2,5,Mayo,9,Sábado
20200510,5/10/2020,2020,2,5,Mayo,10,Domingo
20200511,5/11/2020,2020,2,5,Mayo,11,Lunes
20200512,5/12/2020,2020,2,5,Mayo,12,Martes
20200513,5/13/2020,2020,2,5,Mayo,13,Miércoles
20200514,5/14/2020,2020,2,5,Mayo,14,Jueves
20200515,5/15/2020,2020,2,5,Mayo,15,Viernes
20200516,5/16/2020,2020,2,5,Mayo,16,Sábado
20200517,5/17/2020,2020,2,5,Mayo,17,Domingo
20200518,5/18/2020,2020,2,5,Mayo,18,Lunes
20200519,5/19/2020,2020,2,5,Mayo,19,Martes
20200520,5/20/2020,2020,2,5,Mayo,20,Miércoles
20200521,5/21/2020,2020,2,5,Mayo,21,Jueves
20200522,5/22/2020,2020,2,5,Mayo,22,Viernes
20200523,5/23/2020,2020,2,5,Mayo,23,Sábado
20200524,5/24/2020,2020,2,5,Mayo,24,Domingo
20200525,5/25/2020,2020,2,5,Mayo,25,Lunes
20200526,5/26/2020,2020,2,5,Mayo,26,Martes
20200527,5/27/2020,2020,2,5,Mayo,27,Miércoles
20200528,5/28/2020,2020,2,5,Mayo,28,Jueves
20200529,5/29/2020,2020,2,5,Mayo,29,Viernes
20200530,5/30/2020,2020,2,5,Mayo,30,Sábado
20200531,5/31/2020,2020,2,5,Mayo,31,Domingo
20200601,6/1/2020,2020,2,6,Junio,1,Lunes
20200602,6/2/2020,2020,2,6,Junio,2,Martes
20200603,6/3/2020,2020,2,6,Junio,3,Miércoles
20200604,6/4/2020,2020,2,6,Junio,4,Jueves
20200605,6/5/2020,2020,2,6,Junio,5,Viernes
20200606,6/6/2020,2020,2,6,Junio,6,Sábado
20200607,6/7/2020,2020,2,6,Junio,7,Domingo
20200608,6/8/2020,2020,2,6,Junio,8,Lunes
20200609,6/9/2020,2020,2,6,Junio,9,Martes
20200610,6/10/2020,2020,2,6,Junio,10,Miércoles
20200611,6/11/2020,2020,2,6,Junio,11,Jueves
20200612,6/12/2020,2020,2,6,Junio,12,Viernes
20200613,6/13/2020,2020,2,6,Junio,13,Sábado
20200614,6/14/2020,2020,2,6,Junio,14,Domingo
20200615,6/15/2020,2020,2,6,Junio,15,Lunes
20200616,6/16/2020,2020,2,6,Junio,16,Martes
20200617,6/17/2020,2020,2,6,Junio,17,Miércoles
20200618,6/18/2020,2020,2,6,Junio,18,Jueves
20200619,6/19/2020,2020,2,6,Junio,19,Viernes
20200620,6/20/2020,2020,2,6,Junio,20,Sábado
20200621,6/21/2020,2020,2,6,Junio,21,Domingo
20200622,6/22/2020,2020,2,6,Junio,22,Lunes
20200623,6/23/2020,2020,2,6,Junio,23,Martes
20200624,6/24/2020,2020,2,6,Junio,24,Miércoles
20200625,6/25/2020,2020,2,6,Junio,25,Jueves
20200626,6/26/2020,2020,2,6,Junio,26,Viernes
20200627,6/27/2020,2020,2,6,Junio,27,Sábado
20200628,6/28/2020,2020,2,6,Junio,28,Domingo
20200629,6/29/2020,2020,2,6,Junio,29,Lunes
20200630,6/30/2020,2020,2,6,Junio,30,Martes
20200701,7/1/2020,2020,3,7,Julio,1,Miércoles
20200702,7/2/2020,2020,3,7,Julio,2,Jueves
20200703,7/3/2020,2020,3,7,Julio,3,Viernes
20200704,7/4/2020,2020,3,7,Julio,4,Sábado
20200705,7/5/2020,2020,3,7,Julio,5,Domingo
20200706,7/6/2020,2020,3,7,Julio,6,Lunes
20200707,7/7/2020,2020,3,7,Julio,7,Martes
20200708,7/8/2020,2020,3,7,Julio,8,Miércoles
20200709,7/9/2020,2020,3,7,Julio,9,Jueves
20200710,7/10/2020,2020,3,7,Julio,10,Viernes
20200711,7/11/2020,2020,3,7,Julio,11,Sábado
20200712,7/12/2020,2020,3,7,Julio,12,Domingo
20200713,7/13/2020,2020,3,7,Julio,13,Lunes
20200714,7/14/2020,2020,3,7,Julio,14,Martes
20200715,7/15/2020,2020,3,7,Julio,15,Miércoles
20200716,7/16/2020,2020,3,7,Julio,16,Jueves
20200717,7/17/2020,2020,3,7,Julio,17,Viernes
20200718,7/18/2020,2020,3,7,Julio,18,Sábado
20200719,7/19/2020,2020,3,7,Julio,19,Domingo
20200720,7/20/2020,2020,3,7,Julio,20,Lunes
20200721,7/21/2020,2020,3,7,Julio,21,Martes
20200722,7/22/2020,2020,3,7,Julio,22,Miércoles
20200723,7/23/2020,2020,3,7,Julio,23,Jueves
20200724,7/24/2020,2020,3,7,Julio,24,Viernes
20200725,7/25/2020,2020,3,7,Julio,25,Sábado
20200726,7/26/2020,2020,3,7,Julio,26,Domingo
20200727,7/27/2020,2020,3,7,Julio,27,Lunes
20200728,7/28/2020,2020,3,7,Julio,28,Martes
20200729,7/29/2020,2020,3,7,Julio,29,Miércoles
20200730,7/30/2020,2020,3,7,Julio,30,Jueves
20200731,7/31/2020,2020,3,7,Julio,31,Viernes
20200801,8/1/2020,2020,3,8,Agosto,1,Sábado
20200802,8/2/2020,2020,3,8,Agosto,2,Domingo
20200803,8/3/2020,2020,3,8,Agosto,3,Lunes
20200804,8/4/2020,2020,3,8,Agosto,4,Martes
20200805,8/5/2020,2020,3,8,Agosto,5,Miércoles
20200806,8/6/2020,2020,3,8,Agosto,6,Jueves
20200807,8/7/2020,2020,3,8,Agosto,7,Viernes
20200808,8/8/2020,2020,3,8,Agosto,8,Sábado
20200809,8/9/2020,2020,3,8,Agosto,9,Domingo
20200810,8/10/2020,2020,3,8,Agosto,10,Lunes
20200811,8/11/2020,2020,3,8,Agosto,11,Martes
20200812,8/12/2020,2020,3,8,Agosto,12,Miércoles
20200813,8/13/2020,2020,3,8,Agosto,13,Jueves
20200814,8/14/2020,2020,3,8,Agosto,14,Viernes
20200815,8/15/2020,2020,3,8,Agosto,15,Sábado
20200816,8/16/2020,2020,3,8,Agosto,16,Domingo
20200817,8/17/2020,2020,3,8,Agosto,17,Lunes
20200818,8/18/2020,2020,3,8,Agosto,18,Martes
20200819,8/19/2020,2020,3,8,Agosto,19,Miércoles
20200820,8/20/2020,2020,3,8,Agosto,20,Jueves
20200821,8/21/2020,2020,3,8,Agosto,21,Viernes
20200822,8/22/2020,2020,3,8,Agosto,22,Sábado
20200823,8/23/2020,2020,3,8,Agosto,23,Domingo
20200824,8/24/2020,2020,3,8,Agosto,24,Lunes
20200825,8/25/2020,2020,3,8,Agosto,25,Martes
20200826,8/26/2020,2020,3,8,Agosto,26,Miércoles
20200827,8/27/2020,2020,3,8,Agosto,27,Jueves
20200828,8/28/2020,2020,3,8,Agosto,28,Viernes
20200829,8/29/2020,2020,3,8,Agosto,29,Sábado
20200830,8/30/2020,2020,3,8,Agosto,30,Domingo
20200831,8/31/2020,2020,3,8,Agosto,31,Lunes
20200901,9/1/2020,2020,3,9,Septiembre,1,Martes
20200902,9/2/2020,2020,3,9,Septiembre,2,Miércoles
20200903,9/3/2020,2020,3,9,Septiembre,3,Jueves
20200904,9/4/2020,2020,3,9,Septiembre,4,Viernes
20200905,9/5/2020,2020,3,9,Septiembre,5,Sábado
20200906,9/6/2020,2020,3,9,Septiembre,6,Domingo
20200907,9/7/2020,2020,3,9,Septiembre,7,Lunes
20200908,9/8/2020,2020,3,9,Septiembre,8,Martes
20200909,9/9/2020,2020,3,9,Septiembre,9,Miércoles
20200910,9/10/2020,2020,3,9,Septiembre,10,Jueves
20200911,9/11/2020,2020,3,9,Septiembre,11,Viernes
20200912,9/12/2020,2020,3,9,Septiembre,12,Sábado
20200913,9/13/2020,2020,3,9,Septiembre,13,Domingo
20200914,9/14/2020,2020,3,9,Septiembre,14,Lunes
20200915,9/15/2020,2020,3,9,Septiembre,15,Martes
20200916,9/16/2020,2020,3,9,Septiembre,16,Miércoles
20200917,9/17/2020,2020,3,9,Septiembre,17,Jueves
20200918,9/18/2020,2020,3,9,Septiembre,18,Viernes
20200919,9/19/2020,2020,3,9,Septiembre,19,Sábado
20200920,9/20/2020,2020,3,9,Septiembre,20,Domingo
20200921,9/21/2020,2020,3,9,Septiembre,21,Lunes
20200922,9/22/2020,2020,3,9,Septiembre,22,Martes
20200923,9/23/2020,2020,3,9,Septiembre,23,Miércoles
20200924,9/24/2020,2020,3,9,Septiembre,24,Jueves
20200925,9/25/2020,2020,3,9,Septiembre,25,Viernes
20200926,9/26/2020,2020,3,9,Septiembre,26,Sábado
20200927,9/27/2020,2020,3,9,Septiembre,27,Domingo
20200928,9/28/2020,2020,3,9,Septiembre,28,Lunes
20200929,9/29/2020,2020,3,9,Septiembre,29,Martes
20200930,9/30/2020,2020,3,9,Septiembre,30,Miércoles
20201001,10/1/2020,2020,4,10,Octubre,1,Jueves
20201002,10/2/2020,2020,4,10,Octubre,2,Viernes
20201003,10/3/2020,2020,4,10,Octubre,3,Sábado
20201004,10/4/2020,2020,4,10,Octubre,4,Domingo
20201005,10/5/2020,2020,4,10,Octubre,5,Lunes
20201006,10/6/2020,2020,4,10,Octubre,6,Martes
20201007,10/7/2020,2020,4,10,Octubre,7,Miércoles
20201008,10/8/2020,2020,4,10,Octubre,8,Jueves
20201009,10/9/2020,2020,4,10,Octubre,9,Viernes
20201010,10/10/2020,2020,4,10,Octubre,10,Sábado
20201011,10/11/2020,2020,4,10,Octubre,11,Domingo
20201012,10/12/2020,2020,4,10,Octubre,12,Lunes
20201013,10/13/2020,2020,4,10,Octubre,13,Martes
20201014,10/14/2020,2020,4,10,Octubre,14,Miércoles
20201015,10/15/2020,2020,4,10,Octubre,15,Jueves
20201016,10/16/2020,2020,4,10,Octubre,16,Viernes
20201017,10/17/2020,2020,4,10,Octubre,17,Sábado
20201018,10/18/2020,2020,4,10,Octubre,18,Domingo
20201019,10/19/2020,2020,4,10,Octubre,19,Lunes
20201020,10/20/2020,2020,4,10,Octubre,20,Martes
20201021,10/21/2020,2020,4,10,Octubre,21,Miércoles
20201022,10/22/2020,2020,4,10,Octubre,22,Jueves
20201023,10/23/2020,2020,4,10,Octubre,23,Viernes
20201024,10/24/2020,2020,4,10,Octubre,24,Sábado
20201025,10/25/2020,2020,4,10,Octubre,25,Domingo
20201026,10/26/2020,2020,4,10,Octubre,26,Lunes
20201027,10/27/2020,2020,4,10,Octubre,27,Martes
20201028,10/28/2020,2020,4,10,Octubre,28,Miércoles
20201029,10/29/2020,2020,4,10,Octubre,29,Jueves
20201030,10/30/2020,2020,4,10,Octubre,30,Viernes
20201031,10/31/2020,2020,4,10,Octubre,31,Sábado
20201101,11/1/2020,2020,4,11,Noviembre,1,Domingo
20201102,11/2/2020,2020,4,11,Noviembre,2,Lunes
20201103,11/3/2020,2020,4,11,Noviembre,3,Martes
20201104,11/4/2020,2020,4,11,Noviembre,4,Miércoles
20201105,11/5/2020,2020,4,11,Noviembre,5,Jueves
20201106,11/6/2020,2020,4,11,Noviembre,6,Viernes
20201107,11/7/2020,2020,4,11,Noviembre,7,Sábado
20201108,11/8/2020,2020,4,11,Noviembre,8,Domingo
20201109,11/9/2020,2020,4,11,Noviembre,9,Lunes
20201110,11/10/2020,2020,4,11,Noviembre,10,Martes
20201111,11/11/2020,2020,4,11,Noviembre,11,Miércoles
20201112,11/12/2020,2020,4,11,Noviembre,12,Jueves
20201113,11/13/2020,2020,4,11,Noviembre,13,Viernes
20201114,11/14/2020,2020,4,11,Noviembre,14,Sábado
20201115,11/15/2020,2020,4,11,Noviembre,15,Domingo
20201116,11/16/2020,2020,4,11,Noviembre,16,Lunes
20201117,11/17/2020,2020,4,11,Noviembre,17,Martes
20201118,11/18/2020,2020,4,11,Noviembre,18,Miércoles
20201119,11/19/2020,2020,4,11,Noviembre,19,Jueves
20201120,11/20/2020,2020,4,11,Noviembre,20,Viernes
20201121,11/21/2020,2020,4,11,Noviembre,21,Sábado
20201122,11/22/2020,2020,4,11,Noviembre,22,Domingo
20201123,11/23/2020,2020,4,11,Noviembre,23,Lunes
20201124,11/24/2020,2020,4,11,Noviembre,24,Martes
20201125,11/25/2020,2020,4,11,Noviembre,25,Miércoles
20201126,11/26/2020,2020,4,11,Noviembre,26,Jueves
20201127,11/27/2020,2020,4,11,Noviembre,27,Viernes
20201128,11/28/2020,2020,4,11,Noviembre,28,Sábado
20201129,11/29/2020,2020,4,11,Noviembre,29,Domingo
20201130,11/30/2020,2020,4,11,Noviembre,30,Lunes
20201201,12/1/2020,2020,4,12,Diciembre,1,Martes
20201202,12/2/2020,2020,4,12,Diciembre,2,Miércoles
20201203,12/3/2020,2020,4,12,Diciembre,3,Jueves
20201204,12/4/2020,2020,4,12,Diciembre,4,Viernes
20201205,12/5/2020,2020,4,12,Diciembre,5,Sábado
20201206,12/6/2020,2020,4,12,Diciembre,6,Domingo
20201207,12/7/2020,2020,4,12,Diciembre,7,Lunes
20201208,12/8/2020,2020,4,12,Diciembre,8,Martes
20201209,12/9/2020,2020,4,12,Diciembre,9,Miércoles
20201210,12/10/2020,2020,4,12,Diciembre,10,Jueves
20201211,12/11/2020,2020,4,12,Diciembre,11,Viernes
20201212,12/12/2020,2020,4,12,Diciembre,12,Sábado
20201213,12/13/2020,2020,4,12,Diciembre,13,Domingo
20201214,12/14/2020,2020,4,12,Diciembre,14,Lunes
20201215,12/15/2020,2020,4,12,Diciembre,15,Martes
20201216,12/16/2020,2020,4,12,Diciembre,16,Miércoles
20201217,12/17/2020,2020,4,12,Diciembre,17,Jueves
20201218,12/18/2020,2020,4,12,Diciembre,18,Viernes
20201219,12/19/2020,2020,4,12,Diciembre,19,Sábado
20201220,12/20/2020,2020,4,12,Diciembre,20,Domingo
20201221,12/21/2020,2020,4,12,Diciembre,21,Lunes
20201222,12/22/2020,2020,4,12,Diciembre,22,Martes
20201223,12/23/2020,2020,4,12,Diciembre,23,Miércoles
20201224,12/24/2020,2020,4,12,Diciembre,24,Jueves
20201225,12/25/2020,2020,4,12,Diciembre,25,Viernes
20201226,12/26/2020,2020,4,12,Diciembre,26,Sábado
20201227,12/27/2020,2020,4,12,Diciembre,27,Domingo
20201228,12/28/2020,2020,4,12,Diciembre,28,Lunes
20201229,12/29/2020,2020,4,12,Diciembre,29,Martes
20201230,12/30/2020,2020,4,12,Diciembre,30,Miércoles
20201231,12/31/2020,2020,4,12,Diciembre,31,Jueves
20210101,1/1/2021,2021,1,1,Enero,1,Viernes
20210102,1/2/2021,2021,1,1,Enero,2,Sábado
20210103,1/3/2021,2021,1,1,Enero,3,Domingo
20210104,1/4/2021,2021,1,1,Enero,4,Lunes
20210105,1/5/2021,2021,1,1,Enero,5,Martes
20210106,1/6/2021,2021,1,1,Enero,6,Miércoles
20210107,1/7/2021,2021,1,1,Enero,7,Jueves
20210108,1/8/2021,2021,1,1,Enero,8,Viernes
20210109,1/9/2021,2021,1,1,Enero,9,Sábado
20210110,1/10/2021,2021,1,1,Enero,10,Domingo
20210111,1/11/2021,2021,1,1,Enero,11,Lunes
20210112,1/12/2021,2021,1,1,Enero,12,Martes
20210113,1/13/2021,2021,1,1,Enero,13,Miércoles
20210114,1/14/2021,2021,1,1,Enero,14,Jueves
20210115,1/15/2021,2021,1,1,Enero,15,Viernes
20210116,1/16/2021,2021,1,1,Enero,16,Sábado
20210117,1/17/2021,2021,1,1,Enero,17,Domingo
20210118,1/18/2021,2021,1,1,Enero,18,Lunes
20210119,1/19/2021,2021,1,1,Enero,19,Martes
20210120,1/20/2021,2021,1,1,Enero,20,Miércoles
20210121,1/21/2021,2021,1,1,Enero,21,Jueves
20210122,1/22/2021,2021,1,1,Enero,22,Viernes
20210123,1/23/2021,2021,1,1,Enero,23,Sábado
20210124,1/24/2021,2021,1,1,Enero,24,Domingo
20210125,1/25/2021,2021,1,1,Enero,25,Lunes
20210126,1/26/2021,2021,1,1,Enero,26,Martes
20210127,1/27/2021,2021,1,1,Enero,27,Miércoles
20210128,1/28/2021,2021,1,1,Enero,28,Jueves
20210129,1/29/2021,2021,1,1,Enero,29,Viernes
20210130,1/30/2021,2021,1,1,Enero,30,Sábado
20210131,1/31/2021,2021,1,1,Enero,31,Domingo
20210201,2/1/2021,2021,1,2,Febrero,1,Lunes
20210202,2/2/2021,2021,1,2,Febrero,2,Martes
20210203,2/3/2021,2021,1,2,Febrero,3,Miércoles
20210204,2/4/2021,2021,1,2,Febrero,4,Jueves
20210205,2/5/2021,2021,1,2,Febrero,5,Viernes
20210206,2/6/2021,2021,1,2,Febrero,6,Sábado
20210207,2/7/2021,2021,1,2,Febrero,7,Domingo
20210208,2/8/2021,2021,1,2,Febrero,8,Lunes
20210209,2/9/2021,2021,1,2,Febrero,9,Martes
20210210,2/10/2021,2021,1,2,Febrero,10,Miércoles
20210211,2/11/2021,2021,1,2,Febrero,11,Jueves
20210212,2/12/2021,2021,1,2,Febrero,12,Viernes
20210213,2/13/2021,2021,1,2,Febrero,13,Sábado
20210214,2/14/2021,2021,1,2,Febrero,14,Domingo
20210215,2/15/2021,2021,1,2,Febrero,15,Lunes
20210216,2/16/2021,2021,1,2,Febrero,16,Martes
20210217,2/17/2021,2021,1,2,Febrero,17,Miércoles
20210218,2/18/2021,2021,1,2,Febrero,18,Jueves
20210219,2/19/2021,2021,1,2,Febrero,19,Viernes
20210220,2/20/2021,2021,1,2,Febrero,20,Sábado
20210221,2/21/2021,2021,1,2,Febrero,21,Domingo
20210222,2/22/2021,2021,1,2,Febrero,22,Lunes
20210223,2/23/2021,2021,1,2,Febrero,23,Martes
20210224,2/24/2021,2021,1,2,Febrero,24,Miércoles
20210225,2/25/2021,2021,1,2,Febrero,25,Jueves
20210226,2/26/2021,2021,1,2,Febrero,26,Viernes
20210227,2/27/2021,2021,1,2,Febrero,27,Sábado
20210228,2/28/2021,2021,1,2,Febrero,28,Domingo
20210301,3/1/2021,2021,1,3,Marzo,1,Lunes
20210302,3/2/2021,2021,1,3,Marzo,2,Martes
20210303,3/3/2021,2021,1,3,Marzo,3,Miércoles
20210304,3/4/2021,2021,1,3,Marzo,4,Jueves
20210305,3/5/2021,2021,1,3,Marzo,5,Viernes
20210306,3/6/2021,2021,1,3,Marzo,6,Sábado
20210307,3/7/2021,2021,1,3,Marzo,7,Domingo
20210308,3/8/2021,2021,1,3,Marzo,8,Lunes
20210309,3/9/2021,2021,1,3,Marzo,9,Martes
20210310,3/10/2021,2021,1,3,Marzo,10,Miércoles
20210311,3/11/2021,2021,1,3,Marzo,11,Jueves
20210312,3/12/2021,2021,1,3,Marzo,12,Viernes
20210313,3/13/2021,2021,1,3,Marzo,13,Sábado
20210314,3/14/2021,2021,1,3,Marzo,14,Domingo
20210315,3/15/2021,2021,1,3,Marzo,15,Lunes
20210316,3/16/2021,2021,1,3,Marzo,16,Martes
20210317,3/17/2021,2021,1,3,Marzo,17,Miércoles
20210318,3/18/2021,2021,1,3,Marzo,18,Jueves
20210319,3/19/2021,2021,1,3,Marzo,19,Viernes
20210320,3/20/2021,2021,1,3,Marzo,20,Sábado
20210321,3/21/2021,2021,1,3,Marzo,21,Domingo
20210322,3/22/2021,2021,1,3,Marzo,22,Lunes
20210323,3/23/2021,2021,1,3,Marzo,23,Martes
20210324,3/24/2021,2021,1,3,Marzo,24,Miércoles
20210325,3/25/2021,2021,1,3,Marzo,25,Jueves
20210326,3/26/2021,2021,1,3,Marzo,26,Viernes
20210327,3/27/2021,2021,1,3,Marzo,27,Sábado
20210328,3/28/2021,2021,1,3,Marzo,28,Domingo
20210329,3/29/2021,2021,1,3,Marzo,29,Lunes
20210330,3/30/2021,2021,1,3,Marzo,30,Martes
20210331,3/31/2021,2021,1,3,Marzo,31,Miércoles
20210401,4/1/2021,2021,2,4,Abril,1,Jueves
20210402,4/2/2021,2021,2,4,Abril,2,Viernes
20210403,4/3/2021,2021,2,4,Abril,3,Sábado
20210404,4/4/2021,2021,2,4,Abril,4,Domingo
20210405,4/5/2021,2021,2,4,Abril,5,Lunes
20210406,4/6/2021,2021,2,4,Abril,6,Martes
20210407,4/7/2021,2021,2,4,Abril,7,Miércoles
20210408,4/8/2021,2021,2,4,Abril,8,Jueves
20210409,4/9/2021,2021,2,4,Abril,9,Viernes
20210410,4/10/2021,2021,2,4,Abril,10,Sábado
20210411,4/11/2021,2021,2,4,Abril,11,Domingo
20210412,4/12/2021,2021,2,4,Abril,12,Lunes
20210413,4/13/2021,2021,2,4,Abril,13,Martes
20210414,4/14/2021,2021,2,4,Abril,14,Miércoles
20210415,4/15/2021,2021,2,4,Abril,15,Jueves
20210416,4/16/2021,2021,2,4,Abril,16,Viernes
20210417,4/17/2021,2021,2,4,Abril,17,Sábado
20210418,4/18/2021,2021,2,4,Abril,18,Domingo
20210419,4/19/2021,2021,2,4,Abril,19,Lunes
20210420,4/20/2021,2021,2,4,Abril,20,Martes
20210421,4/21/2021,2021,2,4,Abril,21,Miércoles
20210422,4/22/2021,2021,2,4,Abril,22,Jueves
20210423,4/23/2021,2021,2,4,Abril,23,Viernes
20210424,4/24/2021,2021,2,4,Abril,24,Sábado
20210425,4/25/2021,2021,2,4,Abril,25,Domingo
20210426,4/26/2021,2021,2,4,Abril,26,Lunes
20210427,4/27/2021,2021,2,4,Abril,27,Martes
20210428,4/28/2021,2021,2,4,Abril,28,Miércoles
20210429,4/29/2021,2021,2,4,Abril,29,Jueves
20210430,4/30/2021,2021,2,4,Abril,30,Viernes
20210501,5/1/2021,2021,2,5,Mayo,1,Sábado
20210502,5/2/2021,2021,2,5,Mayo,2,Domingo
20210503,5/3/2021,2021,2,5,Mayo,3,Lunes
20210504,5/4/2021,2021,2,5,Mayo,4,Martes
20210505,5/5/2021,2021,2,5,Mayo,5,Miércoles
20210506,5/6/2021,2021,2,5,Mayo,6,Jueves
20210507,5/7/2021,2021,2,5,Mayo,7,Viernes
20210508,5/8/2021,2021,2,5,Mayo,8,Sábado
20210509,5/9/2021,2021,2,5,Mayo,9,Domingo
20210510,5/10/2021,2021,2,5,Mayo,10,Lunes
20210511,5/11/2021,2021,2,5,Mayo,11,Martes
20210512,5/12/2021,2021,2,5,Mayo,12,Miércoles
20210513,5/13/2021,2021,2,5,Mayo,13,Jueves
20210514,5/14/2021,2021,2,5,Mayo,14,Viernes
20210515,5/15/2021,2021,2,5,Mayo,15,Sábado
20210516,5/16/2021,2021,2,5,Mayo,16,Domingo
20210517,5/17/2021,2021,2,5,Mayo,17,Lunes
20210518,5/18/2021,2021,2,5,Mayo,18,Martes
20210519,5/19/2021,2021,2,5,Mayo,19,Miércoles
20210520,5/20/2021,2021,2,5,Mayo,20,Jueves
20210521,5/21/2021,2021,2,5,Mayo,21,Viernes
20210522,5/22/2021,2021,2,5,Mayo,22,Sábado
20210523,5/23/2021,2021,2,5,Mayo,23,Domingo
20210524,5/24/2021,2021,2,5,Mayo,24,Lunes
20210525,5/25/2021,2021,2,5,Mayo,25,Martes
20210526,5/26/2021,2021,2,5,Mayo,26,Miércoles
20210527,5/27/2021,2021,2,5,Mayo,27,Jueves
20210528,5/28/2021,2021,2,5,Mayo,28,Viernes
20210529,5/29/2021,2021,2,5,Mayo,29,Sábado
20210530,5/30/2021,2021,2,5,Mayo,30,Domingo
20210531,5/31/2021,2021,2,5,Mayo,31,Lunes
20210601,6/1/2021,2021,2,6,Junio,1,Martes
20210602,6/2/2021,2021,2,6,Junio,2,Miércoles
20210603,6/3/2021,2021,2,6,Junio,3,Jueves
20210604,6/4/2021,2021,2,6,Junio,4,Viernes
20210605,6/5/2021,2021,2,6,Junio,5,Sábado
20210606,6/6/2021,2021,2,6,Junio,6,Domingo
20210607,6/7/2021,2021,2,6,Junio,7,Lunes
20210608,6/8/2021,2021,2,6,Junio,8,Martes
20210609,6/9/2021,2021,2,6,Junio,9,Miércoles
20210610,6/10/2021,2021,2,6,Junio,10,Jueves
20210611,6/11/2021,2021,2,6,Junio,11,Viernes
20210612,6/12/2021,2021,2,6,Junio,12,Sábado
20210613,6/13/2021,2021,2,6,Junio,13,Domingo
20210614,6/14/2021,2021,2,6,Junio,14,Lunes
20210615,6/15/2021,2021,2,6,Junio,15,Martes
20210616,6/16/2021,2021,2,6,Junio,16,Miércoles
20210617,6/17/2021,2021,2,6,Junio,17,Jueves
20210618,6/18/2021,2021,2,6,Junio,18,Viernes
20210619,6/19/2021,2021,2,6,Junio,19,Sábado
20210620,6/20/2021,2021,2,6,Junio,20,Domingo
20210621,6/21/2021,2021,2,6,Junio,21,Lunes
20210622,6/22/2021,2021,2,6,Junio,22,Martes
20210623,6/23/2021,2021,2,6,Junio,23,Miércoles
20210624,6/24/2021,2021,2,6,Junio,24,Jueves
20210625,6/25/2021,2021,2,6,Junio,25,Viernes
20210626,6/26/2021,2021,2,6,Junio,26,Sábado
20210627,6/27/2021,2021,2,6,Junio,27,Domingo
20210628,6/28/2021,2021,2,6,Junio,28,Lunes
20210629,6/29/2021,2021,2,6,Junio,29,Martes
20210630,6/30/2021,2021,2,6,Junio,30,Miércoles
20210701,7/1/2021,2021,3,7,Julio,1,Jueves
20210702,7/2/2021,2021,3,7,Julio,2,Viernes
20210703,7/3/2021,2021,3,7,Julio,3,Sábado
20210704,7/4/2021,2021,3,7,Julio,4,Domingo
20210705,7/5/2021,2021,3,7,Julio,5,Lunes
20210706,7/6/2021,2021,3,7,Julio,6,Martes
20210707,7/7/2021,2021,3,7,Julio,7,Miércoles
20210708,7/8/2021,2021,3,7,Julio,8,Jueves
20210709,7/9/2021,2021,3,7,Julio,9,Viernes
20210710,7/10/2021,2021,3,7,Julio,10,Sábado
20210711,7/11/2021,2021,3,7,Julio,11,Domingo
20210712,7/12/2021,2021,3,7,Julio,12,Lunes
20210713,7/13/2021,2021,3,7,Julio,13,Martes
20210714,7/14/2021,2021,3,7,Julio,14,Miércoles
20210715,7/15/2021,2021,3,7,Julio,15,Jueves
20210716,7/16/2021,2021,3,7,Julio,16,Viernes
20210717,7/17/2021,2021,3,7,Julio,17,Sábado
20210718,7/18/2021,2021,3,7,Julio,18,Domingo
20210719,7/19/2021,2021,3,7,Julio,19,Lunes
20210720,7/20/2021,2021,3,7,Julio,20,Martes
20210721,7/21/2021,2021,3,7,Julio,21,Miércoles
20210722,7/22/2021,2021,3,7,Julio,22,Jueves
20210723,7/23/2021,2021,3,7,Julio,23,Viernes
20210724,7/24/2021,2021,3,7,Julio,24,Sábado
20210725,7/25/2021,2021,3,7,Julio,25,Domingo
20210726,7/26/2021,2021,3,7,Julio,26,Lunes
20210727,7/27/2021,2021,3,7,Julio,27,Martes
20210728,7/28/2021,2021,3,7,Julio,28,Miércoles
20210729,7/29/2021,2021,3,7,Julio,29,Jueves
20210730,7/30/2021,2021,3,7,Julio,30,Viernes
20210731,7/31/2021,2021,3,7,Julio,31,Sábado
20210801,8/1/2021,2021,3,8,Agosto,1,Domingo
20210802,8/2/2021,2021,3,8,Agosto,2,Lunes
20210803,8/3/2021,2021,3,8,Agosto,3,Martes
20210804,8/4/2021,2021,3,8,Agosto,4,Miércoles
20210805,8/5/2021,2021,3,8,Agosto,5,Jueves
20210806,8/6/2021,2021,3,8,Agosto,6,Viernes
20210807,8/7/2021,2021,3,8,Agosto,7,Sábado
20210808,8/8/2021,2021,3,8,Agosto,8,Domingo
20210809,8/9/2021,2021,3,8,Agosto,9,Lunes
20210810,8/10/2021,2021,3,8,Agosto,10,Martes
20210811,8/11/2021,2021,3,8,Agosto,11,Miércoles
20210812,8/12/2021,2021,3,8,Agosto,12,Jueves
20210813,8/13/2021,2021,3,8,Agosto,13,Viernes
20210814,8/14/2021,2021,3,8,Agosto,14,Sábado
20210815,8/15/2021,2021,3,8,Agosto,15,Domingo
20210816,8/16/2021,2021,3,8,Agosto,16,Lunes
20210817,8/17/2021,2021,3,8,Agosto,17,Martes
20210818,8/18/2021,2021,3,8,Agosto,18,Miércoles
20210819,8/19/2021,2021,3,8,Agosto,19,Jueves
20210820,8/20/2021,2021,3,8,Agosto,20,Viernes
20210821,8/21/2021,2021,3,8,Agosto,21,Sábado
20210822,8/22/2021,2021,3,8,Agosto,22,Domingo
20210823,8/23/2021,2021,3,8,Agosto,23,Lunes
20210824,8/24/2021,2021,3,8,Agosto,24,Martes
20210825,8/25/2021,2021,3,8,Agosto,25,Miércoles
20210826,8/26/2021,2021,3,8,Agosto,26,Jueves
20210827,8/27/2021,2021,3,8,Agosto,27,Viernes
20210828,8/28/2021,2021,3,8,Agosto,28,Sábado
20210829,8/29/2021,2021,3,8,Agosto,29,Domingo
20210830,8/30/2021,2021,3,8,Agosto,30,Lunes
20210831,8/31/2021,2021,3,8,Agosto,31,Martes
20210901,9/1/2021,2021,3,9,Septiembre,1,Miércoles
20210902,9/2/2021,2021,3,9,Septiembre,2,Jueves
20210903,9/3/2021,2021,3,9,Septiembre,3,Viernes
20210904,9/4/2021,2021,3,9,Septiembre,4,Sábado
20210905,9/5/2021,2021,3,9,Septiembre,5,Domingo
20210906,9/6/2021,2021,3,9,Septiembre,6,Lunes
20210907,9/7/2021,2021,3,9,Septiembre,7,Martes
20210908,9/8/2021,2021,3,9,Septiembre,8,Miércoles
20210909,9/9/2021,2021,3,9,Septiembre,9,Jueves
20210910,9/10/2021,2021,3,9,Septiembre,10,Viernes
20210911,9/11/2021,2021,3,9,Septiembre,11,Sábado
20210912,9/12/2021,2021,3,9,Septiembre,12,Domingo
20210913,9/13/2021,2021,3,9,Septiembre,13,Lunes
20210914,9/14/2021,2021,3,9,Septiembre,14,Martes
20210915,9/15/2021,2021,3,9,Septiembre,15,Miércoles
20210916,9/16/2021,2021,3,9,Septiembre,16,Jueves
20210917,9/17/2021,2021,3,9,Septiembre,17,Viernes
20210918,9/18/2021,2021,3,9,Septiembre,18,Sábado
20210919,9/19/2021,2021,3,9,Septiembre,19,Domingo
20210920,9/20/2021,2021,3,9,Septiembre,20,Lunes
20210921,9/21/2021,2021,3,9,Septiembre,21,Martes
20210922,9/22/2021,2021,3,9,Septiembre,22,Miércoles
20210923,9/23/2021,2021,3,9,Septiembre,23,Jueves
20210924,9/24/2021,2021,3,9,Septiembre,24,Viernes
20210925,9/25/2021,2021,3,9,Septiembre,25,Sábado
20210926,9/26/2021,2021,3,9,Septiembre,26,Domingo
20210927,9/27/2021,2021,3,9,Septiembre,27,Lunes
20210928,9/28/2021,2021,3,9,Septiembre,28,Martes
20210929,9/29/2021,2021,3,9,Septiembre,29,Miércoles
20210930,9/30/2021,2021,3,9,Septiembre,30,Jueves
20211001,10/1/2021,2021,4,10,Octubre,1,Viernes
20211002,10/2/2021,2021,4,10,Octubre,2,Sábado
20211003,10/3/2021,2021,4,10,Octubre,3,Domingo
20211004,10/4/2021,2021,4,10,Octubre,4,Lunes
20211005,10/5/2021,2021,4,10,Octubre,5,Martes
20211006,10/6/2021,2021,4,10,Octubre,6,Miércoles
20211007,10/7/2021,2021,4,10,Octubre,7,Jueves
20211008,10/8/2021,2021,4,10,Octubre,8,Viernes
20211009,10/9/2021,2021,4,10,Octubre,9,Sábado
20211010,10/10/2021,2021,4,10,Octubre,10,Domingo
20211011,10/11/2021,2021,4,10,Octubre,11,Lunes
20211012,10/12/2021,2021,4,10,Octubre,12,Martes
20211013,10/13/2021,2021,4,10,Octubre,13,Miércoles
20211014,10/14/2021,2021,4,10,Octubre,14,Jueves
20211015,10/15/2021,2021,4,10,Octubre,15,Viernes
20211016,10/16/2021,2021,4,10,Octubre,16,Sábado
20211017,10/17/2021,2021,4,10,Octubre,17,Domingo
20211018,10/18/2021,2021,4,10,Octubre,18,Lunes
20211019,10/19/2021,2021,4,10,Octubre,19,Martes
20211020,10/20/2021,2021,4,10,Octubre,20,Miércoles
20211021,10/21/2021,2021,4,10,Octubre,21,Jueves
20211022,10/22/2021,2021,4,10,Octubre,22,Viernes
20211023,10/23/2021,2021,4,10,Octubre,23,Sábado
20211024,10/24/2021,2021,4,10,Octubre,24,Domingo
20211025,10/25/2021,2021,4,10,Octubre,25,Lunes
20211026,10/26/2021,2021,4,10,Octubre,26,Martes
20211027,10/27/2021,2021,4,10,Octubre,27,Miércoles
20211028,10/28/2021,2021,4,10,Octubre,28,Jueves
20211029,10/29/2021,2021,4,10,Octubre,29,Viernes
20211030,10/30/2021,2021,4,10,Octubre,30,Sábado
20211031,10/31/2021,2021,4,10,Octubre,31,Domingo
20211101,11/1/2021,2021,4,11,Noviembre,1,Lunes
20211102,11/2/2021,2021,4,11,Noviembre,2,Martes
20211103,11/3/2021,2021,4,11,Noviembre,3,Miércoles
20211104,11/4/2021,2021,4,11,Noviembre,4,Jueves
20211105,11/5/2021,2021,4,11,Noviembre,5,Viernes
20211106,11/6/2021,2021,4,11,Noviembre,6,Sábado
20211107,11/7/2021,2021,4,11,Noviembre,7,Domingo
20211108,11/8/2021,2021,4,11,Noviembre,8,Lunes
20211109,11/9/2021,2021,4,11,Noviembre,9,Martes
20211110,11/10/2021,2021,4,11,Noviembre,10,Miércoles
20211111,11/11/2021,2021,4,11,Noviembre,11,Jueves
20211112,11/12/2021,2021,4,11,Noviembre,12,Viernes
20211113,11/13/2021,2021,4,11,Noviembre,13,Sábado
20211114,11/14/2021,2021,4,11,Noviembre,14,Domingo
20211115,11/15/2021,2021,4,11,Noviembre,15,Lunes
20211116,11/16/2021,2021,4,11,Noviembre,16,Martes
20211117,11/17/2021,2021,4,11,Noviembre,17,Miércoles
20211118,11/18/2021,2021,4,11,Noviembre,18,Jueves
20211119,11/19/2021,2021,4,11,Noviembre,19,Viernes
20211120,11/20/2021,2021,4,11,Noviembre,20,Sábado
20211121,11/21/2021,2021,4,11,Noviembre,21,Domingo
20211122,11/22/2021,2021,4,11,Noviembre,22,Lunes
20211123,11/23/2021,2021,4,11,Noviembre,23,Martes
20211124,11/24/2021,2021,4,11,Noviembre,24,Miércoles
20211125,11/25/2021,2021,4,11,Noviembre,25,Jueves
20211126,11/26/2021,2021,4,11,Noviembre,26,Viernes
20211127,11/27/2021,2021,4,11,Noviembre,27,Sábado
20211128,11/28/2021,2021,4,11,Noviembre,28,Domingo
20211129,11/29/2021,2021,4,11,Noviembre,29,Lunes
20211130,11/30/2021,2021,4,11,Noviembre,30,Martes
20211201,12/1/2021,2021,4,12,Diciembre,1,Miércoles
20211202,12/2/2021,2021,4,12,Diciembre,2,Jueves
20211203,12/3/2021,2021,4,12,Diciembre,3,Viernes
20211204,12/4/2021,2021,4,12,Diciembre,4,Sábado
20211205,12/5/2021,2021,4,12,Diciembre,5,Domingo
20211206,12/6/2021,2021,4,12,Diciembre,6,Lunes
20211207,12/7/2021,2021,4,12,Diciembre,7,Martes
20211208,12/8/2021,2021,4,12,Diciembre,8,Miércoles
20211209,12/9/2021,2021,4,12,Diciembre,9,Jueves
20211210,12/10/2021,2021,4,12,Diciembre,10,Viernes
20211211,12/11/2021,2021,4,12,Diciembre,11,Sábado
20211212,12/12/2021,2021,4,12,Diciembre,12,Domingo
20211213,12/13/2021,2021,4,12,Diciembre,13,Lunes
20211214,12/14/2021,2021,4,12,Diciembre,14,Martes
20211215,12/15/2021,2021,4,12,Diciembre,15,Miércoles
20211216,12/16/2021,2021,4,12,Diciembre,16,Jueves
20211217,12/17/2021,2021,4,12,Diciembre,17,Viernes
20211218,12/18/2021,2021,4,12,Diciembre,18,Sábado
20211219,12/19/2021,2021,4,12,Diciembre,19,Domingo
20211220,12/20/2021,2021,4,12,Diciembre,20,Lunes
20211221,12/21/2021,2021,4,12,Diciembre,21,Martes
20211222,12/22/2021,2021,4,12,Diciembre,22,Miércoles
20211223,12/23/2021,2021,4,12,Diciembre,23,Jueves
20211224,12/24/2021,2021,4,12,Diciembre,24,Viernes
20211225,12/25/2021,2021,4,12,Diciembre,25,Sábado
20211226,12/26/2021,2021,4,12,Diciembre,26,Domingo
20211227,12/27/2021,2021,4,12,Diciembre,27,Lunes
20211228,12/28/2021,2021,4,12,Diciembre,28,Martes
20211229,12/29/2021,2021,4,12,Diciembre,29,Miércoles
20211230,12/30/2021,2021,4,12,Diciembre,30,Jueves
20211231,12/31/2021,2021,4,12,Diciembre,31,Viernes
20220101,1/1/2022,2022,1,1,Enero,1,Sábado
20220102,1/2/2022,2022,1,1,Enero,2,Domingo
20220103,1/3/2022,2022,1,1,Enero,3,Lunes
20220104,1/4/2022,2022,1,1,Enero,4,Martes
20220105,1/5/2022,2022,1,1,Enero,5,Miércoles
20220106,1/6/2022,2022,1,1,Enero,6,Jueves
20220107,1/7/2022,2022,1,1,Enero,7,Viernes
20220108,1/8/2022,2022,1,1,Enero,8,Sábado
20220109,1/9/2022,2022,1,1,Enero,9,Domingo
20220110,1/10/2022,2022,1,1,Enero,10,Lunes
20220111,1/11/2022,2022,1,1,Enero,11,Martes
20220112,1/12/2022,2022,1,1,Enero,12,Miércoles
20220113,1/13/2022,2022,1,1,Enero,13,Jueves
20220114,1/14/2022,2022,1,1,Enero,14,Viernes
20220115,1/15/2022,2022,1,1,Enero,15,Sábado
20220116,1/16/2022,2022,1,1,Enero,16,Domingo
20220117,1/17/2022,2022,1,1,Enero,17,Lunes
20220118,1/18/2022,2022,1,1,Enero,18,Martes
20220119,1/19/2022,2022,1,1,Enero,19,Miércoles
20220120,1/20/2022,2022,1,1,Enero,20,Jueves
20220121,1/21/2022,2022,1,1,Enero,21,Viernes
20220122,1/22/2022,2022,1,1,Enero,22,Sábado
20220123,1/23/2022,2022,1,1,Enero,23,Domingo
20220124,1/24/2022,2022,1,1,Enero,24,Lunes
20220125,1/25/2022,2022,1,1,Enero,25,Martes
20220126,1/26/2022,2022,1,1,Enero,26,Miércoles
20220127,1/27/2022,2022,1,1,Enero,27,Jueves
20220128,1/28/2022,2022,1,1,Enero,28,Viernes
20220129,1/29/2022,2022,1,1,Enero,29,Sábado
20220130,1/30/2022,2022,1,1,Enero,30,Domingo
20220131,1/31/2022,2022,1,1,Enero,31,Lunes
20220201,2/1/2022,2022,1,2,Febrero,1,Martes
20220202,2/2/2022,2022,1,2,Febrero,2,Miércoles
20220203,2/3/2022,2022,1,2,Febrero,3,Jueves
20220204,2/4/2022,2022,1,2,Febrero,4,Viernes
20220205,2/5/2022,2022,1,2,Febrero,5,Sábado
20220206,2/6/2022,2022,1,2,Febrero,6,Domingo
20220207,2/7/2022,2022,1,2,Febrero,7,Lunes
20220208,2/8/2022,2022,1,2,Febrero,8,Martes
20220209,2/9/2022,2022,1,2,Febrero,9,Miércoles
20220210,2/10/2022,2022,1,2,Febrero,10,Jueves
20220211,2/11/2022,2022,1,2,Febrero,11,Viernes
20220212,2/12/2022,2022,1,2,Febrero,12,Sábado
20220213,2/13/2022,2022,1,2,Febrero,13,Domingo
20220214,2/14/2022,2022,1,2,Febrero,14,Lunes
20220215,2/15/2022,2022,1,2,Febrero,15,Martes
20220216,2/16/2022,2022,1,2,Febrero,16,Miércoles
20220217,2/17/2022,2022,1,2,Febrero,17,Jueves
20220218,2/18/2022,2022,1,2,Febrero,18,Viernes
20220219,2/19/2022,2022,1,2,Febrero,19,Sábado
20220220,2/20/2022,2022,1,2,Febrero,20,Domingo
20220221,2/21/2022,2022,1,2,Febrero,21,Lunes
20220222,2/22/2022,2022,1,2,Febrero,22,Martes
20220223,2/23/2022,2022,1,2,Febrero,23,Miércoles
20220224,2/24/2022,2022,1,2,Febrero,24,Jueves
20220225,2/25/2022,2022,1,2,Febrero,25,Viernes
20220226,2/26/2022,2022,1,2,Febrero,26,Sábado
20220227,2/27/2022,2022,1,2,Febrero,27,Domingo
20220228,2/28/2022,2022,1,2,Febrero,28,Lunes
20220301,3/1/2022,2022,1,3,Marzo,1,Martes
20220302,3/2/2022,2022,1,3,Marzo,2,Miércoles
20220303,3/3/2022,2022,1,3,Marzo,3,Jueves
20220304,3/4/2022,2022,1,3,Marzo,4,Viernes
20220305,3/5/2022,2022,1,3,Marzo,5,Sábado
20220306,3/6/2022,2022,1,3,Marzo,6,Domingo
20220307,3/7/2022,2022,1,3,Marzo,7,Lunes
20220308,3/8/2022,2022,1,3,Marzo,8,Martes
20220309,3/9/2022,2022,1,3,Marzo,9,Miércoles
20220310,3/10/2022,2022,1,3,Marzo,10,Jueves
20220311,3/11/2022,2022,1,3,Marzo,11,Viernes
20220312,3/12/2022,2022,1,3,Marzo,12,Sábado
20220313,3/13/2022,2022,1,3,Marzo,13,Domingo
20220314,3/14/2022,2022,1,3,Marzo,14,Lunes
20220315,3/15/2022,2022,1,3,Marzo,15,Martes
20220316,3/16/2022,2022,1,3,Marzo,16,Miércoles
20220317,3/17/2022,2022,1,3,Marzo,17,Jueves
20220318,3/18/2022,2022,1,3,Marzo,18,Viernes
20220319,3/19/2022,2022,1,3,Marzo,19,Sábado
20220320,3/20/2022,2022,1,3,Marzo,20,Domingo
20220321,3/21/2022,2022,1,3,Marzo,21,Lunes
20220322,3/22/2022,2022,1,3,Marzo,22,Martes
20220323,3/23/2022,2022,1,3,Marzo,23,Miércoles
20220324,3/24/2022,2022,1,3,Marzo,24,Jueves
20220325,3/25/2022,2022,1,3,Marzo,25,Viernes
20220326,3/26/2022,2022,1,3,Marzo,26,Sábado
20220327,3/27/2022,2022,1,3,Marzo,27,Domingo
20220328,3/28/2022,2022,1,3,Marzo,28,Lunes
20220329,3/29/2022,2022,1,3,Marzo,29,Martes
20220330,3/30/2022,2022,1,3,Marzo,30,Miércoles
20220331,3/31/2022,2022,1,3,Marzo,31,Jueves
20220401,4/1/2022,2022,2,4,Abril,1,Viernes
20220402,4/2/2022,2022,2,4,Abril,2,Sábado
20220403,4/3/2022,2022,2,4,Abril,3,Domingo
20220404,4/4/2022,2022,2,4,Abril,4,Lunes
20220405,4/5/2022,2022,2,4,Abril,5,Martes
20220406,4/6/2022,2022,2,4,Abril,6,Miércoles
20220407,4/7/2022,2022,2,4,Abril,7,Jueves
20220408,4/8/2022,2022,2,4,Abril,8,Viernes
20220409,4/9/2022,2022,2,4,Abril,9,Sábado
20220410,4/10/2022,2022,2,4,Abril,10,Domingo
20220411,4/11/2022,2022,2,4,Abril,11,Lunes
20220412,4/12/2022,2022,2,4,Abril,12,Martes
20220413,4/13/2022,2022,2,4,Abril,13,Miércoles
20220414,4/14/2022,2022,2,4,Abril,14,Jueves
20220415,4/15/2022,2022,2,4,Abril,15,Viernes
20220416,4/16/2022,2022,2,4,Abril,16,Sábado
20220417,4/17/2022,2022,2,4,Abril,17,Domingo
20220418,4/18/2022,2022,2,4,Abril,18,Lunes
20220419,4/19/2022,2022,2,4,Abril,19,Martes
20220420,4/20/2022,2022,2,4,Abril,20,Miércoles
20220421,4/21/2022,2022,2,4,Abril,21,Jueves
20220422,4/22/2022,2022,2,4,Abril,22,Viernes
20220423,4/23/2022,2022,2,4,Abril,23,Sábado
20220424,4/24/2022,2022,2,4,Abril,24,Domingo
20220425,4/25/2022,2022,2,4,Abril,25,Lunes
20220426,4/26/2022,2022,2,4,Abril,26,Martes
20220427,4/27/2022,2022,2,4,Abril,27,Miércoles
20220428,4/28/2022,2022,2,4,Abril,28,Jueves
20220429,4/29/2022,2022,2,4,Abril,29,Viernes
20220430,4/30/2022,2022,2,4,Abril,30,Sábado
20220501,5/1/2022,2022,2,5,Mayo,1,Domingo
20220502,5/2/2022,2022,2,5,Mayo,2,Lunes
20220503,5/3/2022,2022,2,5,Mayo,3,Martes
20220504,5/4/2022,2022,2,5,Mayo,4,Miércoles
20220505,5/5/2022,2022,2,5,Mayo,5,Jueves
20220506,5/6/2022,2022,2,5,Mayo,6,Viernes
20220507,5/7/2022,2022,2,5,Mayo,7,Sábado
20220508,5/8/2022,2022,2,5,Mayo,8,Domingo
20220509,5/9/2022,2022,2,5,Mayo,9,Lunes
20220510,5/10/2022,2022,2,5,Mayo,10,Martes
20220511,5/11/2022,2022,2,5,Mayo,11,Miércoles
20220512,5/12/2022,2022,2,5,Mayo,12,Jueves
20220513,5/13/2022,2022,2,5,Mayo,13,Viernes
20220514,5/14/2022,2022,2,5,Mayo,14,Sábado
20220515,5/15/2022,2022,2,5,Mayo,15,Domingo
20220516,5/16/2022,2022,2,5,Mayo,16,Lunes
20220517,5/17/2022,2022,2,5,Mayo,17,Martes
20220518,5/18/2022,2022,2,5,Mayo,18,Miércoles
20220519,5/19/2022,2022,2,5,Mayo,19,Jueves
20220520,5/20/2022,2022,2,5,Mayo,20,Viernes
20220521,5/21/2022,2022,2,5,Mayo,21,Sábado
20220522,5/22/2022,2022,2,5,Mayo,22,Domingo
20220523,5/23/2022,2022,2,5,Mayo,23,Lunes
20220524,5/24/2022,2022,2,5,Mayo,24,Martes
20220525,5/25/2022,2022,2,5,Mayo,25,Miércoles
20220526,5/26/2022,2022,2,5,Mayo,26,Jueves
20220527,5/27/2022,2022,2,5,Mayo,27,Viernes
20220528,5/28/2022,2022,2,5,Mayo,28,Sábado
20220529,5/29/2022,2022,2,5,Mayo,29,Domingo
20220530,5/30/2022,2022,2,5,Mayo,30,Lunes
20220531,5/31/2022,2022,2,5,Mayo,31,Martes
20220601,6/1/2022,2022,2,6,Junio,1,Miércoles
20220602,6/2/2022,2022,2,6,Junio,2,Jueves
20220603,6/3/2022,2022,2,6,Junio,3,Viernes
20220604,6/4/2022,2022,2,6,Junio,4,Sábado
20220605,6/5/2022,2022,2,6,Junio,5,Domingo
20220606,6/6/2022,2022,2,6,Junio,6,Lunes
20220607,6/7/2022,2022,2,6,Junio,7,Martes
20220608,6/8/2022,2022,2,6,Junio,8,Miércoles
20220609,6/9/2022,2022,2,6,Junio,9,Jueves
20220610,6/10/2022,2022,2,6,Junio,10,Viernes
20220611,6/11/2022,2022,2,6,Junio,11,Sábado
20220612,6/12/2022,2022,2,6,Junio,12,Domingo
20220613,6/13/2022,2022,2,6,Junio,13,Lunes
20220614,6/14/2022,2022,2,6,Junio,14,Martes
20220615,6/15/2022,2022,2,6,Junio,15,Miércoles
20220616,6/16/2022,2022,2,6,Junio,16,Jueves
20220617,6/17/2022,2022,2,6,Junio,17,Viernes
20220618,6/18/2022,2022,2,6,Junio,18,Sábado
20220619,6/19/2022,2022,2,6,Junio,19,Domingo
20220620,6/20/2022,2022,2,6,Junio,20,Lunes
20220621,6/21/2022,2022,2,6,Junio,21,Martes
20220622,6/22/2022,2022,2,6,Junio,22,Miércoles
20220623,6/23/2022,2022,2,6,Junio,23,Jueves
20220624,6/24/2022,2022,2,6,Junio,24,Viernes
20220625,6/25/2022,2022,2,6,Junio,25,Sábado
20220626,6/26/2022,2022,2,6,Junio,26,Domingo
20220627,6/27/2022,2022,2,6,Junio,27,Lunes
20220628,6/28/2022,2022,2,6,Junio,28,Martes
20220629,6/29/2022,2022,2,6,Junio,29,Miércoles
20220630,6/30/2022,2022,2,6,Junio,30,Jueves
20220701,7/1/2022,2022,3,7,Julio,1,Viernes
20220702,7/2/2022,2022,3,7,Julio,2,Sábado
20220703,7/3/2022,2022,3,7,Julio,3,Domingo
20220704,7/4/2022,2022,3,7,Julio,4,Lunes
20220705,7/5/2022,2022,3,7,Julio,5,Martes
20220706,7/6/2022,2022,3,7,Julio,6,Miércoles
20220707,7/7/2022,2022,3,7,Julio,7,Jueves
20220708,7/8/2022,2022,3,7,Julio,8,Viernes
20220709,7/9/2022,2022,3,7,Julio,9,Sábado
20220710,7/10/2022,2022,3,7,Julio,10,Domingo
20220711,7/11/2022,2022,3,7,Julio,11,Lunes
20220712,7/12/2022,2022,3,7,Julio,12,Martes
20220713,7/13/2022,2022,3,7,Julio,13,Miércoles
20220714,7/14/2022,2022,3,7,Julio,14,Jueves
20220715,7/15/2022,2022,3,7,Julio,15,Viernes
20220716,7/16/2022,2022,3,7,Julio,16,Sábado
20220717,7/17/2022,2022,3,7,Julio,17,Domingo
20220718,7/18/2022,2022,3,7,Julio,18,Lunes
20220719,7/19/2022,2022,3,7,Julio,19,Martes
20220720,7/20/2022,2022,3,7,Julio,20,Miércoles
20220721,7/21/2022,2022,3,7,Julio,21,Jueves
20220722,7/22/2022,2022,3,7,Julio,22,Viernes
20220723,7/23/2022,2022,3,7,Julio,23,Sábado
20220724,7/24/2022,2022,3,7,Julio,24,Domingo
20220725,7/25/2022,2022,3,7,Julio,25,Lunes
20220726,7/26/2022,2022,3,7,Julio,26,Martes
20220727,7/27/2022,2022,3,7,Julio,27,Miércoles
20220728,7/28/2022,2022,3,7,Julio,28,Jueves
20220729,7/29/2022,2022,3,7,Julio,29,Viernes
20220730,7/30/2022,2022,3,7,Julio,30,Sábado
20220731,7/31/2022,2022,3,7,Julio,31,Domingo
20220801,8/1/2022,2022,3,8,Agosto,1,Lunes
20220802,8/2/2022,2022,3,8,Agosto,2,Martes
20220803,8/3/2022,2022,3,8,Agosto,3,Miércoles
20220804,8/4/2022,2022,3,8,Agosto,4,Jueves
20220805,8/5/2022,2022,3,8,Agosto,5,Viernes
20220806,8/6/2022,2022,3,8,Agosto,6,Sábado
20220807,8/7/2022,2022,3,8,Agosto,7,Domingo
20220808,8/8/2022,2022,3,8,Agosto,8,Lunes
20220809,8/9/2022,2022,3,8,Agosto,9,Martes
20220810,8/10/2022,2022,3,8,Agosto,10,Miércoles
20220811,8/11/2022,2022,3,8,Agosto,11,Jueves
20220812,8/12/2022,2022,3,8,Agosto,12,Viernes
20220813,8/13/2022,2022,3,8,Agosto,13,Sábado
20220814,8/14/2022,2022,3,8,Agosto,14,Domingo
20220815,8/15/2022,2022,3,8,Agosto,15,Lunes
20220816,8/16/2022,2022,3,8,Agosto,16,Martes
20220817,8/17/2022,2022,3,8,Agosto,17,Miércoles
20220818,8/18/2022,2022,3,8,Agosto,18,Jueves
20220819,8/19/2022,2022,3,8,Agosto,19,Viernes
20220820,8/20/2022,2022,3,8,Agosto,20,Sábado
20220821,8/21/2022,2022,3,8,Agosto,21,Domingo
20220822,8/22/2022,2022,3,8,Agosto,22,Lunes
20220823,8/23/2022,2022,3,8,Agosto,23,Martes
20220824,8/24/2022,2022,3,8,Agosto,24,Miércoles
20220825,8/25/2022,2022,3,8,Agosto,25,Jueves
20220826,8/26/2022,2022,3,8,Agosto,26,Viernes
20220827,8/27/2022,2022,3,8,Agosto,27,Sábado
20220828,8/28/2022,2022,3,8,Agosto,28,Domingo
20220829,8/29/2022,2022,3,8,Agosto,29,Lunes
20220830,8/30/2022,2022,3,8,Agosto,30,Martes
20220831,8/31/2022,2022,3,8,Agosto,31,Miércoles
20220901,9/1/2022,2022,3,9,Septiembre,1,Jueves
20220902,9/2/2022,2022,3,9,Septiembre,2,Viernes
20220903,9/3/2022,2022,3,9,Septiembre,3,Sábado
20220904,9/4/2022,2022,3,9,Septiembre,4,Domingo
20220905,9/5/2022,2022,3,9,Septiembre,5,Lunes
20220906,9/6/2022,2022,3,9,Septiembre,6,Martes
20220907,9/7/2022,2022,3,9,Septiembre,7,Miércoles
20220908,9/8/2022,2022,3,9,Septiembre,8,Jueves
20220909,9/9/2022,2022,3,9,Septiembre,9,Viernes
20220910,9/10/2022,2022,3,9,Septiembre,10,Sábado
20220911,9/11/2022,2022,3,9,Septiembre,11,Domingo
20220912,9/12/2022,2022,3,9,Septiembre,12,Lunes
20220913,9/13/2022,2022,3,9,Septiembre,13,Martes
20220914,9/14/2022,2022,3,9,Septiembre,14,Miércoles
20220915,9/15/2022,2022,3,9,Septiembre,15,Jueves
20220916,9/16/2022,2022,3,9,Septiembre,16,Viernes
20220917,9/17/2022,2022,3,9,Septiembre,17,Sábado
20220918,9/18/2022,2022,3,9,Septiembre,18,Domingo
20220919,9/19/2022,2022,3,9,Septiembre,19,Lunes
20220920,9/20/2022,2022,3,9,Septiembre,20,Martes
20220921,9/21/2022,2022,3,9,Septiembre,21,Miércoles
20220922,9/22/2022,2022,3,9,Septiembre,22,Jueves
20220923,9/23/2022,2022,3,9,Septiembre,23,Viernes
20220924,9/24/2022,2022,3,9,Septiembre,24,Sábado
20220925,9/25/2022,2022,3,9,Septiembre,25,Domingo
20220926,9/26/2022,2022,3,9,Septiembre,26,Lunes
20220927,9/27/2022,2022,3,9,Septiembre,27,Martes
20220928,9/28/2022,2022,3,9,Septiembre,28,Miércoles
20220929,9/29/2022,2022,3,9,Septiembre,29,Jueves
20220930,9/30/2022,2022,3,9,Septiembre,30,Viernes
20221001,10/1/2022,2022,4,10,Octubre,1,Sábado
20221002,10/2/2022,2022,4,10,Octubre,2,Domingo
20221003,10/3/2022,2022,4,10,Octubre,3,Lunes
20221004,10/4/2022,2022,4,10,Octubre,4,Martes
20221005,10/5/2022,2022,4,10,Octubre,5,Miércoles
20221006,10/6/2022,2022,4,10,Octubre,6,Jueves
20221007,10/7/2022,2022,4,10,Octubre,7,Viernes
20221008,10/8/2022,2022,4,10,Octubre,8,Sábado
20221009,10/9/2022,2022,4,10,Octubre,9,Domingo
20221010,10/10/2022,2022,4,10,Octubre,10,Lunes
20221011,10/11/2022,2022,4,10,Octubre,11,Martes
20221012,10/12/2022,2022,4,10,Octubre,12,Miércoles
20221013,10/13/2022,2022,4,10,Octubre,13,Jueves
20221014,10/14/2022,2022,4,10,Octubre,14,Viernes
20221015,10/15/2022,2022,4,10,Octubre,15,Sábado
20221016,10/16/2022,2022,4,10,Octubre,16,Domingo
20221017,10/17/2022,2022,4,10,Octubre,17,Lunes
20221018,10/18/2022,2022,4,10,Octubre,18,Martes
20221019,10/19/2022,2022,4,10,Octubre,19,Miércoles
20221020,10/20/2022,2022,4,10,Octubre,20,Jueves
20221021,10/21/2022,2022,4,10,Octubre,21,Viernes
20221022,10/22/2022,2022,4,10,Octubre,22,Sábado
20221023,10/23/2022,2022,4,10,Octubre,23,Domingo
20221024,10/24/2022,2022,4,10,Octubre,24,Lunes
20221025,10/25/2022,2022,4,10,Octubre,25,Martes
20221026,10/26/2022,2022,4,10,Octubre,26,Miércoles
20221027,10/27/2022,2022,4,10,Octubre,27,Jueves
20221028,10/28/2022,2022,4,10,Octubre,28,Viernes
20221029,10/29/2022,2022,4,10,Octubre,29,Sábado
20221030,10/30/2022,2022,4,10,Octubre,30,Domingo
20221031,10/31/2022,2022,4,10,Octubre,31,Lunes
20221101,11/1/2022,2022,4,11,Noviembre,1,Martes
20221102,11/2/2022,2022,4,11,Noviembre,2,Miércoles
20221103,11/3/2022,2022,4,11,Noviembre,3,Jueves
20221104,11/4/2022,2022,4,11,Noviembre,4,Viernes
20221105,11/5/2022,2022,4,11,Noviembre,5,Sábado
20221106,11/6/2022,2022,4,11,Noviembre,6,Domingo
20221107,11/7/2022,2022,4,11,Noviembre,7,Lunes
20221108,11/8/2022,2022,4,11,Noviembre,8,Martes
20221109,11/9/2022,2022,4,11,Noviembre,9,Miércoles
20221110,11/10/2022,2022,4,11,Noviembre,10,Jueves
20221111,11/11/2022,2022,4,11,Noviembre,11,Viernes
20221112,11/12/2022,2022,4,11,Noviembre,12,Sábado
20221113,11/13/2022,2022,4,11,Noviembre,13,Domingo
20221114,11/14/2022,2022,4,11,Noviembre,14,Lunes
20221115,11/15/2022,2022,4,11,Noviembre,15,Martes
20221116,11/16/2022,2022,4,11,Noviembre,16,Miércoles
20221117,11/17/2022,2022,4,11,Noviembre,17,Jueves
20221118,11/18/2022,2022,4,11,Noviembre,18,Viernes
20221119,11/19/2022,2022,4,11,Noviembre,19,Sábado
20221120,11/20/2022,2022,4,11,Noviembre,20,Domingo
20221121,11/21/2022,2022,4,11,Noviembre,21,Lunes
20221122,11/22/2022,2022,4,11,Noviembre,22,Martes
20221123,11/23/2022,2022,4,11,Noviembre,23,Miércoles
20221124,11/24/2022,2022,4,11,Noviembre,24,Jueves
20221125,11/25/2022,2022,4,11,Noviembre,25,Viernes
20221126,11/26/2022,2022,4,11,Noviembre,26,Sábado
20221127,11/27/2022,2022,4,11,Noviembre,27,Domingo
20221128,11/28/2022,2022,4,11,Noviembre,28,Lunes
20221129,11/29/2022,2022,4,11,Noviembre,29,Martes
20221130,11/30/2022,2022,4,11,Noviembre,30,Miércoles
20221201,12/1/2022,2022,4,12,Diciembre,1,Jueves
20221202,12/2/2022,2022,4,12,Diciembre,2,Viernes
20221203,12/3/2022,2022,4,12,Diciembre,3,Sábado
20221204,12/4/2022,2022,4,12,Diciembre,4,Domingo
20221205,12/5/2022,2022,4,12,Diciembre,5,Lunes
20221206,12/6/2022,2022,4,12,Diciembre,6,Martes
20221207,12/7/2022,2022,4,12,Diciembre,7,Miércoles
20221208,12/8/2022,2022,4,12,Diciembre,8,Jueves
20221209,12/9/2022,2022,4,12,Diciembre,9,Viernes
20221210,12/10/2022,2022,4,12,Diciembre,10,Sábado
20221211,12/11/2022,2022,4,12,Diciembre,11,Domingo
20221212,12/12/2022,2022,4,12,Diciembre,12,Lunes
20221213,12/13/2022,2022,4,12,Diciembre,13,Martes
20221214,12/14/2022,2022,4,12,Diciembre,14,Miércoles
20221215,12/15/2022,2022,4,12,Diciembre,15,Jueves
20221216,12/16/2022,2022,4,12,Diciembre,16,Viernes
20221217,12/17/2022,2022,4,12,Diciembre,17,Sábado
20221218,12/18/2022,2022,4,12,Diciembre,18,Domingo
20221219,12/19/2022,2022,4,12,Diciembre,19,Lunes
20221220,12/20/2022,2022,4,12,Diciembre,20,Martes
20221221,12/21/2022,2022,4,12,Diciembre,21,Miércoles
20221222,12/22/2022,2022,4,12,Diciembre,22,Jueves
20221223,12/23/2022,2022,4,12,Diciembre,23,Viernes
20221224,12/24/2022,2022,4,12,Diciembre,24,Sábado
20221225,12/25/2022,2022,4,12,Diciembre,25,Domingo
20221226,12/26/2022,2022,4,12,Diciembre,26,Lunes
20221227,12/27/2022,2022,4,12,Diciembre,27,Martes
20221228,12/28/2022,2022,4,12,Diciembre,28,Miércoles
20221229,12/29/2022,2022,4,12,Diciembre,29,Jueves
20221230,12/30/2022,2022,4,12,Diciembre,30,Viernes
20221231,12/31/2022,2022,4,12,Diciembre,31,Sábado
20230101,1/1/2023,2023,1,1,Enero,1,Domingo
20230102,1/2/2023,2023,1,1,Enero,2,Lunes
20230103,1/3/2023,2023,1,1,Enero,3,Martes
20230104,1/4/2023,2023,1,1,Enero,4,Miércoles
20230105,1/5/2023,2023,1,1,Enero,5,Jueves
20230106,1/6/2023,2023,1,1,Enero,6,Viernes
20230107,1/7/2023,2023,1,1,Enero,7,Sábado
20230108,1/8/2023,2023,1,1,Enero,8,Domingo
20230109,1/9/2023,2023,1,1,Enero,9,Lunes
20230110,1/10/2023,2023,1,1,Enero,10,Martes
20230111,1/11/2023,2023,1,1,Enero,11,Miércoles
20230112,1/12/2023,2023,1,1,Enero,12,Jueves
20230113,1/13/2023,2023,1,1,Enero,13,Viernes
20230114,1/14/2023,2023,1,1,Enero,14,Sábado
20230115,1/15/2023,2023,1,1,Enero,15,Domingo
20230116,1/16/2023,2023,1,1,Enero,16,Lunes
20230117,1/17/2023,2023,1,1,Enero,17,Martes
20230118,1/18/2023,2023,1,1,Enero,18,Miércoles
20230119,1/19/2023,2023,1,1,Enero,19,Jueves
20230120,1/20/2023,2023,1,1,Enero,20,Viernes
20230121,1/21/2023,2023,1,1,Enero,21,Sábado
20230122,1/22/2023,2023,1,1,Enero,22,Domingo
20230123,1/23/2023,2023,1,1,Enero,23,Lunes
20230124,1/24/2023,2023,1,1,Enero,24,Martes
20230125,1/25/2023,2023,1,1,Enero,25,Miércoles
20230126,1/26/2023,2023,1,1,Enero,26,Jueves
20230127,1/27/2023,2023,1,1,Enero,27,Viernes
20230128,1/28/2023,2023,1,1,Enero,28,Sábado
20230129,1/29/2023,2023,1,1,Enero,29,Domingo
20230130,1/30/2023,2023,1,1,Enero,30,Lunes
20230131,1/31/2023,2023,1,1,Enero,31,Martes
20230201,2/1/2023,2023,1,2,Febrero,1,Miércoles
20230202,2/2/2023,2023,1,2,Febrero,2,Jueves
20230203,2/3/2023,2023,1,2,Febrero,3,Viernes
20230204,2/4/2023,2023,1,2,Febrero,4,Sábado
20230205,2/5/2023,2023,1,2,Febrero,5,Domingo
20230206,2/6/2023,2023,1,2,Febrero,6,Lunes
20230207,2/7/2023,2023,1,2,Febrero,7,Martes
20230208,2/8/2023,2023,1,2,Febrero,8,Miércoles
20230209,2/9/2023,2023,1,2,Febrero,9,Jueves
20230210,2/10/2023,2023,1,2,Febrero,10,Viernes
20230211,2/11/2023,2023,1,2,Febrero,11,Sábado
20230212,2/12/2023,2023,1,2,Febrero,12,Domingo
20230213,2/13/2023,2023,1,2,Febrero,13,Lunes
20230214,2/14/2023,2023,1,2,Febrero,14,Martes
20230215,2/15/2023,2023,1,2,Febrero,15,Miércoles
20230216,2/16/2023,2023,1,2,Febrero,16,Jueves
20230217,2/17/2023,2023,1,2,Febrero,17,Viernes
20230218,2/18/2023,2023,1,2,Febrero,18,Sábado
20230219,2/19/2023,2023,1,2,Febrero,19,Domingo
20230220,2/20/2023,2023,1,2,Febrero,20,Lunes
20230221,2/21/2023,2023,1,2,Febrero,21,Martes
20230222,2/22/2023,2023,1,2,Febrero,22,Miércoles
20230223,2/23/2023,2023,1,2,Febrero,23,Jueves
20230224,2/24/2023,2023,1,2,Febrero,24,Viernes
20230225,2/25/2023,2023,1,2,Febrero,25,Sábado
20230226,2/26/2023,2023,1,2,Febrero,26,Domingo
20230227,2/27/2023,2023,1,2,Febrero,27,Lunes
20230228,2/28/2023,2023,1,2,Febrero,28,Martes
20230301,3/1/2023,2023,1,3,Marzo,1,Miércoles
20230302,3/2/2023,2023,1,3,Marzo,2,Jueves
20230303,3/3/2023,2023,1,3,Marzo,3,Viernes
20230304,3/4/2023,2023,1,3,Marzo,4,Sábado
20230305,3/5/2023,2023,1,3,Marzo,5,Domingo
20230306,3/6/2023,2023,1,3,Marzo,6,Lunes
20230307,3/7/2023,2023,1,3,Marzo,7,Martes
20230308,3/8/2023,2023,1,3,Marzo,8,Miércoles
20230309,3/9/2023,2023,1,3,Marzo,9,Jueves
20230310,3/10/2023,2023,1,3,Marzo,10,Viernes
20230311,3/11/2023,2023,1,3,Marzo,11,Sábado
20230312,3/12/2023,2023,1,3,Marzo,12,Domingo
20230313,3/13/2023,2023,1,3,Marzo,13,Lunes
20230314,3/14/2023,2023,1,3,Marzo,14,Martes
20230315,3/15/2023,2023,1,3,Marzo,15,Miércoles
20230316,3/16/2023,2023,1,3,Marzo,16,Jueves
20230317,3/17/2023,2023,1,3,Marzo,17,Viernes
20230318,3/18/2023,2023,1,3,Marzo,18,Sábado
20230319,3/19/2023,2023,1,3,Marzo,19,Domingo
20230320,3/20/2023,2023,1,3,Marzo,20,Lunes
20230321,3/21/2023,2023,1,3,Marzo,21,Martes
20230322,3/22/2023,2023,1,3,Marzo,22,Miércoles
20230323,3/23/2023,2023,1,3,Marzo,23,Jueves
20230324,3/24/2023,2023,1,3,Marzo,24,Viernes
20230325,3/25/2023,2023,1,3,Marzo,25,Sábado
20230326,3/26/2023,2023,1,3,Marzo,26,Domingo
20230327,3/27/2023,2023,1,3,Marzo,27,Lunes
20230328,3/28/2023,2023,1,3,Marzo,28,Martes
20230329,3/29/2023,2023,1,3,Marzo,29,Miércoles
20230330,3/30/2023,2023,1,3,Marzo,30,Jueves
20230331,3/31/2023,2023,1,3,Marzo,31,Viernes
20230401,4/1/2023,2023,2,4,Abril,1,Sábado
20230402,4/2/2023,2023,2,4,Abril,2,Domingo
20230403,4/3/2023,2023,2,4,Abril,3,Lunes
20230404,4/4/2023,2023,2,4,Abril,4,Martes
20230405,4/5/2023,2023,2,4,Abril,5,Miércoles
20230406,4/6/2023,2023,2,4,Abril,6,Jueves
20230407,4/7/2023,2023,2,4,Abril,7,Viernes
20230408,4/8/2023,2023,2,4,Abril,8,Sábado
20230409,4/9/2023,2023,2,4,Abril,9,Domingo
20230410,4/10/2023,2023,2,4,Abril,10,Lunes
20230411,4/11/2023,2023,2,4,Abril,11,Martes
20230412,4/12/2023,2023,2,4,Abril,12,Miércoles
20230413,4/13/2023,2023,2,4,Abril,13,Jueves
20230414,4/14/2023,2023,2,4,Abril,14,Viernes
20230415,4/15/2023,2023,2,4,Abril,15,Sábado
20230416,4/16/2023,2023,2,4,Abril,16,Domingo
20230417,4/17/2023,2023,2,4,Abril,17,Lunes
20230418,4/18/2023,2023,2,4,Abril,18,Martes
20230419,4/19/2023,2023,2,4,Abril,19,Miércoles
20230420,4/20/2023,2023,2,4,Abril,20,Jueves
20230421,4/21/2023,2023,2,4,Abril,21,Viernes
20230422,4/22/2023,2023,2,4,Abril,22,Sábado
20230423,4/23/2023,2023,2,4,Abril,23,Domingo
20230424,4/24/2023,2023,2,4,Abril,24,Lunes
20230425,4/25/2023,2023,2,4,Abril,25,Martes
20230426,4/26/2023,2023,2,4,Abril,26,Miércoles
20230427,4/27/2023,2023,2,4,Abril,27,Jueves
20230428,4/28/2023,2023,2,4,Abril,28,Viernes
20230429,4/29/2023,2023,2,4,Abril,29,Sábado
20230430,4/30/2023,2023,2,4,Abril,30,Domingo
20230501,5/1/2023,2023,2,5,Mayo,1,Lunes
20230502,5/2/2023,2023,2,5,Mayo,2,Martes
20230503,5/3/2023,2023,2,5,Mayo,3,Miércoles
20230504,5/4/2023,2023,2,5,Mayo,4,Jueves
20230505,5/5/2023,2023,2,5,Mayo,5,Viernes
20230506,5/6/2023,2023,2,5,Mayo,6,Sábado
20230507,5/7/2023,2023,2,5,Mayo,7,Domingo
20230508,5/8/2023,2023,2,5,Mayo,8,Lunes
20230509,5/9/2023,2023,2,5,Mayo,9,Martes
20230510,5/10/2023,2023,2,5,Mayo,10,Miércoles
20230511,5/11/2023,2023,2,5,Mayo,11,Jueves
20230512,5/12/2023,2023,2,5,Mayo,12,Viernes
20230513,5/13/2023,2023,2,5,Mayo,13,Sábado
20230514,5/14/2023,2023,2,5,Mayo,14,Domingo
20230515,5/15/2023,2023,2,5,Mayo,15,Lunes
20230516,5/16/2023,2023,2,5,Mayo,16,Martes
20230517,5/17/2023,2023,2,5,Mayo,17,Miércoles
20230518,5/18/2023,2023,2,5,Mayo,18,Jueves
20230519,5/19/2023,2023,2,5,Mayo,19,Viernes
20230520,5/20/2023,2023,2,5,Mayo,20,Sábado
20230521,5/21/2023,2023,2,5,Mayo,21,Domingo
20230522,5/22/2023,2023,2,5,Mayo,22,Lunes
20230523,5/23/2023,2023,2,5,Mayo,23,Martes
20230524,5/24/2023,2023,2,5,Mayo,24,Miércoles
20230525,5/25/2023,2023,2,5,Mayo,25,Jueves
20230526,5/26/2023,2023,2,5,Mayo,26,Viernes
20230527,5/27/2023,2023,2,5,Mayo,27,Sábado
20230528,5/28/2023,2023,2,5,Mayo,28,Domingo
20230529,5/29/2023,2023,2,5,Mayo,29,Lunes
20230530,5/30/2023,2023,2,5,Mayo,30,Martes
20230531,5/31/2023,2023,2,5,Mayo,31,Miércoles
20230601,6/1/2023,2023,2,6,Junio,1,Jueves
20230602,6/2/2023,2023,2,6,Junio,2,Viernes
20230603,6/3/2023,2023,2,6,Junio,3,Sábado
20230604,6/4/2023,2023,2,6,Junio,4,Domingo
20230605,6/5/2023,2023,2,6,Junio,5,Lunes
20230606,6/6/2023,2023,2,6,Junio,6,Martes
20230607,6/7/2023,2023,2,6,Junio,7,Miércoles
20230608,6/8/2023,2023,2,6,Junio,8,Jueves
20230609,6/9/2023,2023,2,6,Junio,9,Viernes
20230610,6/10/2023,2023,2,6,Junio,10,Sábado
20230611,6/11/2023,2023,2,6,Junio,11,Domingo
20230612,6/12/2023,2023,2,6,Junio,12,Lunes
20230613,6/13/2023,2023,2,6,Junio,13,Martes
20230614,6/14/2023,2023,2,6,Junio,14,Miércoles
20230615,6/15/2023,2023,2,6,Junio,15,Jueves
20230616,6/16/2023,2023,2,6,Junio,16,Viernes
20230617,6/17/2023,2023,2,6,Junio,17,Sábado
20230618,6/18/2023,2023,2,6,Junio,18,Domingo
20230619,6/19/2023,2023,2,6,Junio,19,Lunes
20230620,6/20/2023,2023,2,6,Junio,20,Martes
20230621,6/21/2023,2023,2,6,Junio,21,Miércoles
20230622,6/22/2023,2023,2,6,Junio,22,Jueves
20230623,6/23/2023,2023,2,6,Junio,23,Viernes
20230624,6/24/2023,2023,2,6,Junio,24,Sábado
20230625,6/25/2023,2023,2,6,Junio,25,Domingo
20230626,6/26/2023,2023,2,6,Junio,26,Lunes
20230627,6/27/2023,2023,2,6,Junio,27,Martes
20230628,6/28/2023,2023,2,6,Junio,28,Miércoles
20230629,6/29/2023,2023,2,6,Junio,29,Jueves
20230630,6/30/2023,2023,2,6,Junio,30,Viernes
20230701,7/1/2023,2023,3,7,Julio,1,Sábado
20230702,7/2/2023,2023,3,7,Julio,2,Domingo
20230703,7/3/2023,2023,3,7,Julio,3,Lunes
20230704,7/4/2023,2023,3,7,Julio,4,Martes
20230705,7/5/2023,2023,3,7,Julio,5,Miércoles
20230706,7/6/2023,2023,3,7,Julio,6,Jueves
20230707,7/7/2023,2023,3,7,Julio,7,Viernes
20230708,7/8/2023,2023,3,7,Julio,8,Sábado
20230709,7/9/2023,2023,3,7,Julio,9,Domingo
20230710,7/10/2023,2023,3,7,Julio,10,Lunes
20230711,7/11/2023,2023,3,7,Julio,11,Martes
20230712,7/12/2023,2023,3,7,Julio,12,Miércoles
20230713,7/13/2023,2023,3,7,Julio,13,Jueves
20230714,7/14/2023,2023,3,7,Julio,14,Viernes
20230715,7/15/2023,2023,3,7,Julio,15,Sábado
20230716,7/16/2023,2023,3,7,Julio,16,Domingo
20230717,7/17/2023,2023,3,7,Julio,17,Lunes
20230718,7/18/2023,2023,3,7,Julio,18,Martes
20230719,7/19/2023,2023,3,7,Julio,19,Miércoles
20230720,7/20/2023,2023,3,7,Julio,20,Jueves
20230721,7/21/2023,2023,3,7,Julio,21,Viernes
20230722,7/22/2023,2023,3,7,Julio,22,Sábado
20230723,7/23/2023,2023,3,7,Julio,23,Domingo
20230724,7/24/2023,2023,3,7,Julio,24,Lunes
20230725,7/25/2023,2023,3,7,Julio,25,Martes
20230726,7/26/2023,2023,3,7,Julio,26,Miércoles
20230727,7/27/2023,2023,3,7,Julio,27,Jueves
20230728,7/28/2023,2023,3,7,Julio,28,Viernes
20230729,7/29/2023,2023,3,7,Julio,29,Sábado
20230730,7/30/2023,2023,3,7,Julio,30,Domingo
20230731,7/31/2023,2023,3,7,Julio,31,Lunes
20230801,8/1/2023,2023,3,8,Agosto,1,Martes
20230802,8/2/2023,2023,3,8,Agosto,2,Miércoles
20230803,8/3/2023,2023,3,8,Agosto,3,Jueves
20230804,8/4/2023,2023,3,8,Agosto,4,Viernes
20230805,8/5/2023,2023,3,8,Agosto,5,Sábado
20230806,8/6/2023,2023,3,8,Agosto,6,Domingo
20230807,8/7/2023,2023,3,8,Agosto,7,Lunes
20230808,8/8/2023,2023,3,8,Agosto,8,Martes
20230809,8/9/2023,2023,3,8,Agosto,9,Miércoles
20230810,8/10/2023,2023,3,8,Agosto,10,Jueves
20230811,8/11/2023,2023,3,8,Agosto,11,Viernes
20230812,8/12/2023,2023,3,8,Agosto,12,Sábado
20230813,8/13/2023,2023,3,8,Agosto,13,Domingo
20230814,8/14/2023,2023,3,8,Agosto,14,Lunes
20230815,8/15/2023,2023,3,8,Agosto,15,Martes
20230816,8/16/2023,2023,3,8,Agosto,16,Miércoles
20230817,8/17/2023,2023,3,8,Agosto,17,Jueves
20230818,8/18/2023,2023,3,8,Agosto,18,Viernes
20230819,8/19/2023,2023,3,8,Agosto,19,Sábado
20230820,8/20/2023,2023,3,8,Agosto,20,Domingo
20230821,8/21/2023,2023,3,8,Agosto,21,Lunes
20230822,8/22/2023,2023,3,8,Agosto,22,Martes
20230823,8/23/2023,2023,3,8,Agosto,23,Miércoles
20230824,8/24/2023,2023,3,8,Agosto,24,Jueves
20230825,8/25/2023,2023,3,8,Agosto,25,Viernes
20230826,8/26/2023,2023,3,8,Agosto,26,Sábado
20230827,8/27/2023,2023,3,8,Agosto,27,Domingo
20230828,8/28/2023,2023,3,8,Agosto,28,Lunes
20230829,8/29/2023,2023,3,8,Agosto,29,Martes
20230830,8/30/2023,2023,3,8,Agosto,30,Miércoles
20230831,8/31/2023,2023,3,8,Agosto,31,Jueves
20230901,9/1/2023,2023,3,9,Septiembre,1,Viernes
20230902,9/2/2023,2023,3,9,Septiembre,2,Sábado
20230903,9/3/2023,2023,3,9,Septiembre,3,Domingo
20230904,9/4/2023,2023,3,9,Septiembre,4,Lunes
20230905,9/5/2023,2023,3,9,Septiembre,5,Martes
20230906,9/6/2023,2023,3,9,Septiembre,6,Miércoles
20230907,9/7/2023,2023,3,9,Septiembre,7,Jueves
20230908,9/8/2023,2023,3,9,Septiembre,8,Viernes
20230909,9/9/2023,2023,3,9,Septiembre,9,Sábado
20230910,9/10/2023,2023,3,9,Septiembre,10,Domingo
20230911,9/11/2023,2023,3,9,Septiembre,11,Lunes
20230912,9/12/2023,2023,3,9,Septiembre,12,Martes
20230913,9/13/2023,2023,3,9,Septiembre,13,Miércoles
20230914,9/14/2023,2023,3,9,Septiembre,14,Jueves
20230915,9/15/2023,2023,3,9,Septiembre,15,Viernes
20230916,9/16/2023,2023,3,9,Septiembre,16,Sábado
20230917,9/17/2023,2023,3,9,Septiembre,17,Domingo
20230918,9/18/2023,2023,3,9,Septiembre,18,Lunes
20230919,9/19/2023,2023,3,9,Septiembre,19,Martes
20230920,9/20/2023,2023,3,9,Septiembre,20,Miércoles
20230921,9/21/2023,2023,3,9,Septiembre,21,Jueves
20230922,9/22/2023,2023,3,9,Septiembre,22,Viernes
20230923,9/23/2023,2023,3,9,Septiembre,23,Sábado
20230924,9/24/2023,2023,3,9,Septiembre,24,Domingo
20230925,9/25/2023,2023,3,9,Septiembre,25,Lunes
20230926,9/26/2023,2023,3,9,Septiembre,26,Martes
20230927,9/27/2023,2023,3,9,Septiembre,27,Miércoles
20230928,9/28/2023,2023,3,9,Septiembre,28,Jueves
20230929,9/29/2023,2023,3,9,Septiembre,29,Viernes
20230930,9/30/2023,2023,3,9,Septiembre,30,Sábado
20231001,10/1/2023,2023,4,10,Octubre,1,Domingo
20231002,10/2/2023,2023,4,10,Octubre,2,Lunes
20231003,10/3/2023,2023,4,10,Octubre,3,Martes
20231004,10/4/2023,2023,4,10,Octubre,4,Miércoles
20231005,10/5/2023,2023,4,10,Octubre,5,Jueves
20231006,10/6/2023,2023,4,10,Octubre,6,Viernes
20231007,10/7/2023,2023,4,10,Octubre,7,Sábado
20231008,10/8/2023,2023,4,10,Octubre,8,Domingo
20231009,10/9/2023,2023,4,10,Octubre,9,Lunes
20231010,10/10/2023,2023,4,10,Octubre,10,Martes
20231011,10/11/2023,2023,4,10,Octubre,11,Miércoles
20231012,10/12/2023,2023,4,10,Octubre,12,Jueves
20231013,10/13/2023,2023,4,10,Octubre,13,Viernes
20231014,10/14/2023,2023,4,10,Octubre,14,Sábado
20231015,10/15/2023,2023,4,10,Octubre,15,Domingo
20231016,10/16/2023,2023,4,10,Octubre,16,Lunes
20231017,10/17/2023,2023,4,10,Octubre,17,Martes
20231018,10/18/2023,2023,4,10,Octubre,18,Miércoles
20231019,10/19/2023,2023,4,10,Octubre,19,Jueves
20231020,10/20/2023,2023,4,10,Octubre,20,Viernes
20231021,10/21/2023,2023,4,10,Octubre,21,Sábado
20231022,10/22/2023,2023,4,10,Octubre,22,Domingo
20231023,10/23/2023,2023,4,10,Octubre,23,Lunes
20231024,10/24/2023,2023,4,10,Octubre,24,Martes
20231025,10/25/2023,2023,4,10,Octubre,25,Miércoles
20231026,10/26/2023,2023,4,10,Octubre,26,Jueves
20231027,10/27/2023,2023,4,10,Octubre,27,Viernes
20231028,10/28/2023,2023,4,10,Octubre,28,Sábado
20231029,10/29/2023,2023,4,10,Octubre,29,Domingo
20231030,10/30/2023,2023,4,10,Octubre,30,Lunes
20231031,10/31/2023,2023,4,10,Octubre,31,Martes
20231101,11/1/2023,2023,4,11,Noviembre,1,Miércoles
20231102,11/2/2023,2023,4,11,Noviembre,2,Jueves
20231103,11/3/2023,2023,4,11,Noviembre,3,Viernes
20231104,11/4/2023,2023,4,11,Noviembre,4,Sábado
20231105,11/5/2023,2023,4,11,Noviembre,5,Domingo
20231106,11/6/2023,2023,4,11,Noviembre,6,Lunes
20231107,11/7/2023,2023,4,11,Noviembre,7,Martes
20231108,11/8/2023,2023,4,11,Noviembre,8,Miércoles
20231109,11/9/2023,2023,4,11,Noviembre,9,Jueves
20231110,11/10/2023,2023,4,11,Noviembre,10,Viernes
20231111,11/11/2023,2023,4,11,Noviembre,11,Sábado
20231112,11/12/2023,2023,4,11,Noviembre,12,Domingo
20231113,11/13/2023,2023,4,11,Noviembre,13,Lunes
20231114,11/14/2023,2023,4,11,Noviembre,14,Martes
20231115,11/15/2023,2023,4,11,Noviembre,15,Miércoles
20231116,11/16/2023,2023,4,11,Noviembre,16,Jueves
20231117,11/17/2023,2023,4,11,Noviembre,17,Viernes
20231118,11/18/2023,2023,4,11,Noviembre,18,Sábado
20231119,11/19/2023,2023,4,11,Noviembre,19,Domingo
20231120,11/20/2023,2023,4,11,Noviembre,20,Lunes
20231121,11/21/2023,2023,4,11,Noviembre,21,Martes
20231122,11/22/2023,2023,4,11,Noviembre,22,Miércoles
20231123,11/23/2023,2023,4,11,Noviembre,23,Jueves
20231124,11/24/2023,2023,4,11,Noviembre,24,Viernes
20231125,11/25/2023,2023,4,11,Noviembre,25,Sábado
20231126,11/26/2023,2023,4,11,Noviembre,26,Domingo
20231127,11/27/2023,2023,4,11,Noviembre,27,Lunes
20231128,11/28/2023,2023,4,11,Noviembre,28,Martes
20231129,11/29/2023,2023,4,11,Noviembre,29,Miércoles
20231130,11/30/2023,2023,4,11,Noviembre,30,Jueves
20231201,12/1/2023,2023,4,12,Diciembre,1,Viernes
20231202,12/2/2023,2023,4,12,Diciembre,2,Sábado
20231203,12/3/2023,2023,4,12,Diciembre,3,Domingo
20231204,12/4/2023,2023,4,12,Diciembre,4,Lunes
20231205,12/5/2023,2023,4,12,Diciembre,5,Martes
20231206,12/6/2023,2023,4,12,Diciembre,6,Miércoles
20231207,12/7/2023,2023,4,12,Diciembre,7,Jueves
20231208,12/8/2023,2023,4,12,Diciembre,8,Viernes
20231209,12/9/2023,2023,4,12,Diciembre,9,Sábado
20231210,12/10/2023,2023,4,12,Diciembre,10,Domingo
20231211,12/11/2023,2023,4,12,Diciembre,11,Lunes
20231212,12/12/2023,2023,4,12,Diciembre,12,Martes
20231213,12/13/2023,2023,4,12,Diciembre,13,Miércoles
20231214,12/14/2023,2023,4,12,Diciembre,14,Jueves
20231215,12/15/2023,2023,4,12,Diciembre,15,Viernes
20231216,12/16/2023,2023,4,12,Diciembre,16,Sábado
20231217,12/17/2023,2023,4,12,Diciembre,17,Domingo
20231218,12/18/2023,2023,4,12,Diciembre,18,Lunes
20231219,12/19/2023,2023,4,12,Diciembre,19,Martes
20231220,12/20/2023,2023,4,12,Diciembre,20,Miércoles
20231221,12/21/2023,2023,4,12,Diciembre,21,Jueves
20231222,12/22/2023,2023,4,12,Diciembre,22,Viernes
20231223,12/23/2023,2023,4,12,Diciembre,23,Sábado
20231224,12/24/2023,2023,4,12,Diciembre,24,Domingo
20231225,12/25/2023,2023,4,12,Diciembre,25,Lunes
20231226,12/26/2023,2023,4,12,Diciembre,26,Martes
20231227,12/27/2023,2023,4,12,Diciembre,27,Miércoles
20231228,12/28/2023,2023,4,12,Diciembre,28,Jueves
20231229,12/29/2023,2023,4,12,Diciembre,29,Viernes
20231230,12/30/2023,2023,4,12,Diciembre,30,Sábado
20231231,12/31/2023,2023,4,12,Diciembre,31,Domingo
20240101,1/1/2024,2024,1,1,Enero,1,Lunes
20240102,1/2/2024,2024,1,1,Enero,2,Martes
20240103,1/3/2024,2024,1,1,Enero,3,Miércoles
20240104,1/4/2024,2024,1,1,Enero,4,Jueves
20240105,1/5/2024,2024,1,1,Enero,5,Viernes
20240106,1/6/2024,2024,1,1,Enero,6,Sábado
20240107,1/7/2024,2024,1,1,Enero,7,Domingo
20240108,1/8/2024,2024,1,1,Enero,8,Lunes
20240109,1/9/2024,2024,1,1,Enero,9,Martes
20240110,1/10/2024,2024,1,1,Enero,10,Miércoles
20240111,1/11/2024,2024,1,1,Enero,11,Jueves
20240112,1/12/2024,2024,1,1,Enero,12,Viernes
20240113,1/13/2024,2024,1,1,Enero,13,Sábado
20240114,1/14/2024,2024,1,1,Enero,14,Domingo
20240115,1/15/2024,2024,1,1,Enero,15,Lunes
20240116,1/16/2024,2024,1,1,Enero,16,Martes
20240117,1/17/2024,2024,1,1,Enero,17,Miércoles
20240118,1/18/2024,2024,1,1,Enero,18,Jueves
20240119,1/19/2024,2024,1,1,Enero,19,Viernes
20240120,1/20/2024,2024,1,1,Enero,20,Sábado
20240121,1/21/2024,2024,1,1,Enero,21,Domingo
20240122,1/22/2024,2024,1,1,Enero,22,Lunes
20240123,1/23/2024,2024,1,1,Enero,23,Martes
20240124,1/24/2024,2024,1,1,Enero,24,Miércoles
20240125,1/25/2024,2024,1,1,Enero,25,Jueves
20240126,1/26/2024,2024,1,1,Enero,26,Viernes
20240127,1/27/2024,2024,1,1,Enero,27,Sábado
20240128,1/28/2024,2024,1,1,Enero,28,Domingo
20240129,1/29/2024,2024,1,1,Enero,29,Lunes
20240130,1/30/2024,2024,1,1,Enero,30,Martes
20240131,1/31/2024,2024,1,1,Enero,31,Miércoles
20240201,2/1/2024,2024,1,2,Febrero,1,Jueves
20240202,2/2/2024,2024,1,2,Febrero,2,Viernes
20240203,2/3/2024,2024,1,2,Febrero,3,Sábado
20240204,2/4/2024,2024,1,2,Febrero,4,Domingo
20240205,2/5/2024,2024,1,2,Febrero,5,Lunes
20240206,2/6/2024,2024,1,2,Febrero,6,Martes
20240207,2/7/2024,2024,1,2,Febrero,7,Miércoles
20240208,2/8/2024,2024,1,2,Febrero,8,Jueves
20240209,2/9/2024,2024,1,2,Febrero,9,Viernes
20240210,2/10/2024,2024,1,2,Febrero,10,Sábado
20240211,2/11/2024,2024,1,2,Febrero,11,Domingo
20240212,2/12/2024,2024,1,2,Febrero,12,Lunes
20240213,2/13/2024,2024,1,2,Febrero,13,Martes
20240214,2/14/2024,2024,1,2,Febrero,14,Miércoles
20240215,2/15/2024,2024,1,2,Febrero,15,Jueves
20240216,2/16/2024,2024,1,2,Febrero,16,Viernes
20240217,2/17/2024,2024,1,2,Febrero,17,Sábado
20240218,2/18/2024,2024,1,2,Febrero,18,Domingo
20240219,2/19/2024,2024,1,2,Febrero,19,Lunes
20240220,2/20/2024,2024,1,2,Febrero,20,Martes
20240221,2/21/2024,2024,1,2,Febrero,21,Miércoles
20240222,2/22/2024,2024,1,2,Febrero,22,Jueves
20240223,2/23/2024,2024,1,2,Febrero,23,Viernes
20240224,2/24/2024,2024,1,2,Febrero,24,Sábado
20240225,2/25/2024,2024,1,2,Febrero,25,Domingo
20240226,2/26/2024,2024,1,2,Febrero,26,Lunes
20240227,2/27/2024,2024,1,2,Febrero,27,Martes
20240228,2/28/2024,2024,1,2,Febrero,28,Miércoles
20240229,2/29/2024,2024,1,2,Febrero,29,Jueves
20240301,3/1/2024,2024,1,3,Marzo,1,Viernes
20240302,3/2/2024,2024,1,3,Marzo,2,Sábado
20240303,3/3/2024,2024,1,3,Marzo,3,Domingo
20240304,3/4/2024,2024,1,3,Marzo,4,Lunes
20240305,3/5/2024,2024,1,3,Marzo,5,Martes
20240306,3/6/2024,2024,1,3,Marzo,6,Miércoles
20240307,3/7/2024,2024,1,3,Marzo,7,Jueves
20240308,3/8/2024,2024,1,3,Marzo,8,Viernes
20240309,3/9/2024,2024,1,3,Marzo,9,Sábado
20240310,3/10/2024,2024,1,3,Marzo,10,Domingo
20240311,3/11/2024,2024,1,3,Marzo,11,Lunes
20240312,3/12/2024,2024,1,3,Marzo,12,Martes
20240313,3/13/2024,2024,1,3,Marzo,13,Miércoles
20240314,3/14/2024,2024,1,3,Marzo,14,Jueves
20240315,3/15/2024,2024,1,3,Marzo,15,Viernes
20240316,3/16/2024,2024,1,3,Marzo,16,Sábado
20240317,3/17/2024,2024,1,3,Marzo,17,Domingo
20240318,3/18/2024,2024,1,3,Marzo,18,Lunes
20240319,3/19/2024,2024,1,3,Marzo,19,Martes
20240320,3/20/2024,2024,1,3,Marzo,20,Miércoles
20240321,3/21/2024,2024,1,3,Marzo,21,Jueves
20240322,3/22/2024,2024,1,3,Marzo,22,Viernes
20240323,3/23/2024,2024,1,3,Marzo,23,Sábado
20240324,3/24/2024,2024,1,3,Marzo,24,Domingo
20240325,3/25/2024,2024,1,3,Marzo,25,Lunes
20240326,3/26/2024,2024,1,3,Marzo,26,Martes
20240327,3/27/2024,2024,1,3,Marzo,27,Miércoles
20240328,3/28/2024,2024,1,3,Marzo,28,Jueves
20240329,3/29/2024,2024,1,3,Marzo,29,Viernes
20240330,3/30/2024,2024,1,3,Marzo,30,Sábado
20240331,3/31/2024,2024,1,3,Marzo,31,Domingo
20240401,4/1/2024,2024,2,4,Abril,1,Lunes
20240402,4/2/2024,2024,2,4,Abril,2,Martes
20240403,4/3/2024,2024,2,4,Abril,3,Miércoles
20240404,4/4/2024,2024,2,4,Abril,4,Jueves
20240405,4/5/2024,2024,2,4,Abril,5,Viernes
20240406,4/6/2024,2024,2,4,Abril,6,Sábado
20240407,4/7/2024,2024,2,4,Abril,7,Domingo
20240408,4/8/2024,2024,2,4,Abril,8,Lunes
20240409,4/9/2024,2024,2,4,Abril,9,Martes
20240410,4/10/2024,2024,2,4,Abril,10,Miércoles
20240411,4/11/2024,2024,2,4,Abril,11,Jueves
20240412,4/12/2024,2024,2,4,Abril,12,Viernes
20240413,4/13/2024,2024,2,4,Abril,13,Sábado
20240414,4/14/2024,2024,2,4,Abril,14,Domingo
20240415,4/15/2024,2024,2,4,Abril,15,Lunes
20240416,4/16/2024,2024,2,4,Abril,16,Martes
20240417,4/17/2024,2024,2,4,Abril,17,Miércoles
20240418,4/18/2024,2024,2,4,Abril,18,Jueves
20240419,4/19/2024,2024,2,4,Abril,19,Viernes
20240420,4/20/2024,2024,2,4,Abril,20,Sábado
20240421,4/21/2024,2024,2,4,Abril,21,Domingo
20240422,4/22/2024,2024,2,4,Abril,22,Lunes
20240423,4/23/2024,2024,2,4,Abril,23,Martes
20240424,4/24/2024,2024,2,4,Abril,24,Miércoles
20240425,4/25/2024,2024,2,4,Abril,25,Jueves
20240426,4/26/2024,2024,2,4,Abril,26,Viernes
20240427,4/27/2024,2024,2,4,Abril,27,Sábado
20240428,4/28/2024,2024,2,4,Abril,28,Domingo
20240429,4/29/2024,2024,2,4,Abril,29,Lunes
20240430,4/30/2024,2024,2,4,Abril,30,Martes
20240501,5/1/2024,2024,2,5,Mayo,1,Miércoles
20240502,5/2/2024,2024,2,5,Mayo,2,Jueves
20240503,5/3/2024,2024,2,5,Mayo,3,Viernes
20240504,5/4/2024,2024,2,5,Mayo,4,Sábado
20240505,5/5/2024,2024,2,5,Mayo,5,Domingo
20240506,5/6/2024,2024,2,5,Mayo,6,Lunes
20240507,5/7/2024,2024,2,5,Mayo,7,Martes
20240508,5/8/2024,2024,2,5,Mayo,8,Miércoles
20240509,5/9/2024,2024,2,5,Mayo,9,Jueves
20240510,5/10/2024,2024,2,5,Mayo,10,Viernes
20240511,5/11/2024,2024,2,5,Mayo,11,Sábado
20240512,5/12/2024,2024,2,5,Mayo,12,Domingo
20240513,5/13/2024,2024,2,5,Mayo,13,Lunes
20240514,5/14/2024,2024,2,5,Mayo,14,Martes
20240515,5/15/2024,2024,2,5,Mayo,15,Miércoles
20240516,5/16/2024,2024,2,5,Mayo,16,Jueves
20240517,5/17/2024,2024,2,5,Mayo,17,Viernes
20240518,5/18/2024,2024,2,5,Mayo,18,Sábado
20240519,5/19/2024,2024,2,5,Mayo,19,Domingo
20240520,5/20/2024,2024,2,5,Mayo,20,Lunes
20240521,5/21/2024,2024,2,5,Mayo,21,Martes
20240522,5/22/2024,2024,2,5,Mayo,22,Miércoles
20240523,5/23/2024,2024,2,5,Mayo,23,Jueves
20240524,5/24/2024,2024,2,5,Mayo,24,Viernes
20240525,5/25/2024,2024,2,5,Mayo,25,Sábado
20240526,5/26/2024,2024,2,5,Mayo,26,Domingo
20240527,5/27/2024,2024,2,5,Mayo,27,Lunes
20240528,5/28/2024,2024,2,5,Mayo,28,Martes
20240529,5/29/2024,2024,2,5,Mayo,29,Miércoles
20240530,5/30/2024,2024,2,5,Mayo,30,Jueves
20240531,5/31/2024,2024,2,5,Mayo,31,Viernes
20240601,6/1/2024,2024,2,6,Junio,1,Sábado
20240602,6/2/2024,2024,2,6,Junio,2,Domingo
20240603,6/3/2024,2024,2,6,Junio,3,Lunes
20240604,6/4/2024,2024,2,6,Junio,4,Martes
20240605,6/5/2024,2024,2,6,Junio,5,Miércoles
20240606,6/6/2024,2024,2,6,Junio,6,Jueves
20240607,6/7/2024,2024,2,6,Junio,7,Viernes
20240608,6/8/2024,2024,2,6,Junio,8,Sábado
20240609,6/9/2024,2024,2,6,Junio,9,Domingo
20240610,6/10/2024,2024,2,6,Junio,10,Lunes
20240611,6/11/2024,2024,2,6,Junio,11,Martes
20240612,6/12/2024,2024,2,6,Junio,12,Miércoles
20240613,6/13/2024,2024,2,6,Junio,13,Jueves
20240614,6/14/2024,2024,2,6,Junio,14,Viernes
20240615,6/15/2024,2024,2,6,Junio,15,Sábado
20240616,6/16/2024,2024,2,6,Junio,16,Domingo
20240617,6/17/2024,2024,2,6,Junio,17,Lunes
20240618,6/18/2024,2024,2,6,Junio,18,Martes
20240619,6/19/2024,2024,2,6,Junio,19,Miércoles
20240620,6/20/2024,2024,2,6,Junio,20,Jueves
20240621,6/21/2024,2024,2,6,Junio,21,Viernes
20240622,6/22/2024,2024,2,6,Junio,22,Sábado
20240623,6/23/2024,2024,2,6,Junio,23,Domingo
20240624,6/24/2024,2024,2,6,Junio,24,Lunes
20240625,6/25/2024,2024,2,6,Junio,25,Martes
20240626,6/26/2024,2024,2,6,Junio,26,Miércoles
20240627,6/27/2024,2024,2,6,Junio,27,Jueves
20240628,6/28/2024,2024,2,6,Junio,28,Viernes
20240629,6/29/2024,2024,2,6,Junio,29,Sábado
20240630,6/30/2024,2024,2,6,Junio,30,Domingo
20240701,7/1/2024,2024,3,7,Julio,1,Lunes
20240702,7/2/2024,2024,3,7,Julio,2,Martes
20240703,7/3/2024,2024,3,7,Julio,3,Miércoles
20240704,7/4/2024,2024,3,7,Julio,4,Jueves
20240705,7/5/2024,2024,3,7,Julio,5,Viernes
20240706,7/6/2024,2024,3,7,Julio,6,Sábado
20240707,7/7/2024,2024,3,7,Julio,7,Domingo
20240708,7/8/2024,2024,3,7,Julio,8,Lunes
20240709,7/9/2024,2024,3,7,Julio,9,Martes
20240710,7/10/2024,2024,3,7,Julio,10,Miércoles
20240711,7/11/2024,2024,3,7,Julio,11,Jueves
20240712,7/12/2024,2024,3,7,Julio,12,Viernes
20240713,7/13/2024,2024,3,7,Julio,13,Sábado
20240714,7/14/2024,2024,3,7,Julio,14,Domingo
20240715,7/15/2024,2024,3,7,Julio,15,Lunes
20240716,7/16/2024,2024,3,7,Julio,16,Martes
20240717,7/17/2024,2024,3,7,Julio,17,Miércoles
20240718,7/18/2024,2024,3,7,Julio,18,Jueves
20240719,7/19/2024,2024,3,7,Julio,19,Viernes
20240720,7/20/2024,2024,3,7,Julio,20,Sábado
20240721,7/21/2024,2024,3,7,Julio,21,Domingo
20240722,7/22/2024,2024,3,7,Julio,22,Lunes
20240723,7/23/2024,2024,3,7,Julio,23,Martes
20240724,7/24/2024,2024,3,7,Julio,24,Miércoles
20240725,7/25/2024,2024,3,7,Julio,25,Jueves
20240726,7/26/2024,2024,3,7,Julio,26,Viernes
20240727,7/27/2024,2024,3,7,Julio,27,Sábado
20240728,7/28/2024,2024,3,7,Julio,28,Domingo
20240729,7/29/2024,2024,3,7,Julio,29,Lunes
20240730,7/30/2024,2024,3,7,Julio,30,Martes
20240731,7/31/2024,2024,3,7,Julio,31,Miércoles
20240801,8/1/2024,2024,3,8,Agosto,1,Jueves
20240802,8/2/2024,2024,3,8,Agosto,2,Viernes
20240803,8/3/2024,2024,3,8,Agosto,3,Sábado
20240804,8/4/2024,2024,3,8,Agosto,4,Domingo
20240805,8/5/2024,2024,3,8,Agosto,5,Lunes
20240806,8/6/2024,2024,3,8,Agosto,6,Martes
20240807,8/7/2024,2024,3,8,Agosto,7,Miércoles
20240808,8/8/2024,2024,3,8,Agosto,8,Jueves
20240809,8/9/2024,2024,3,8,Agosto,9,Viernes
20240810,8/10/2024,2024,3,8,Agosto,10,Sábado
20240811,8/11/2024,2024,3,8,Agosto,11,Domingo
20240812,8/12/2024,2024,3,8,Agosto,12,Lunes
20240813,8/13/2024,2024,3,8,Agosto,13,Martes
20240814,8/14/2024,2024,3,8,Agosto,14,Miércoles
20240815,8/15/2024,2024,3,8,Agosto,15,Jueves
20240816,8/16/2024,2024,3,8,Agosto,16,Viernes
20240817,8/17/2024,2024,3,8,Agosto,17,Sábado
20240818,8/18/2024,2024,3,8,Agosto,18,Domingo
20240819,8/19/2024,2024,3,8,Agosto,19,Lunes
20240820,8/20/2024,2024,3,8,Agosto,20,Martes
20240821,8/21/2024,2024,3,8,Agosto,21,Miércoles
20240822,8/22/2024,2024,3,8,Agosto,22,Jueves
20240823,8/23/2024,2024,3,8,Agosto,23,Viernes
20240824,8/24/2024,2024,3,8,Agosto,24,Sábado
20240825,8/25/2024,2024,3,8,Agosto,25,Domingo
20240826,8/26/2024,2024,3,8,Agosto,26,Lunes
20240827,8/27/2024,2024,3,8,Agosto,27,Martes
20240828,8/28/2024,2024,3,8,Agosto,28,Miércoles
20240829,8/29/2024,2024,3,8,Agosto,29,Jueves
20240830,8/30/2024,2024,3,8,Agosto,30,Viernes
20240831,8/31/2024,2024,3,8,Agosto,31,Sábado
20240901,9/1/2024,2024,3,9,Septiembre,1,Domingo
20240902,9/2/2024,2024,3,9,Septiembre,2,Lunes
20240903,9/3/2024,2024,3,9,Septiembre,3,Martes
20240904,9/4/2024,2024,3,9,Septiembre,4,Miércoles
20240905,9/5/2024,2024,3,9,Septiembre,5,Jueves
20240906,9/6/2024,2024,3,9,Septiembre,6,Viernes
20240907,9/7/2024,2024,3,9,Septiembre,7,Sábado
20240908,9/8/2024,2024,3,9,Septiembre,8,Domingo
20240909,9/9/2024,2024,3,9,Septiembre,9,Lunes
20240910,9/10/2024,2024,3,9,Septiembre,10,Martes
20240911,9/11/2024,2024,3,9,Septiembre,11,Miércoles
20240912,9/12/2024,2024,3,9,Septiembre,12,Jueves
20240913,9/13/2024,2024,3,9,Septiembre,13,Viernes
20240914,9/14/2024,2024,3,9,Septiembre,14,Sábado
20240915,9/15/2024,2024,3,9,Septiembre,15,Domingo
20240916,9/16/2024,2024,3,9,Septiembre,16,Lunes
20240917,9/17/2024,2024,3,9,Septiembre,17,Martes
20240918,9/18/2024,2024,3,9,Septiembre,18,Miércoles
20240919,9/19/2024,2024,3,9,Septiembre,19,Jueves
20240920,9/20/2024,2024,3,9,Septiembre,20,Viernes
20240921,9/21/2024,2024,3,9,Septiembre,21,Sábado
20240922,9/22/2024,2024,3,9,Septiembre,22,Domingo
20240923,9/23/2024,2024,3,9,Septiembre,23,Lunes
20240924,9/24/2024,2024,3,9,Septiembre,24,Martes
20240925,9/25/2024,2024,3,9,Septiembre,25,Miércoles
20240926,9/26/2024,2024,3,9,Septiembre,26,Jueves
20240927,9/27/2024,2024,3,9,Septiembre,27,Viernes
20240928,9/28/2024,2024,3,9,Septiembre,28,Sábado
20240929,9/29/2024,2024,3,9,Septiembre,29,Domingo
20240930,9/30/2024,2024,3,9,Septiembre,30,Lunes
20241001,10/1/2024,2024,4,10,Octubre,1,Martes
20241002,10/2/2024,2024,4,10,Octubre,2,Miércoles
20241003,10/3/2024,2024,4,10,Octubre,3,Jueves
20241004,10/4/2024,2024,4,10,Octubre,4,Viernes
20241005,10/5/2024,2024,4,10,Octubre,5,Sábado
20241006,10/6/2024,2024,4,10,Octubre,6,Domingo
20241007,10/7/2024,2024,4,10,Octubre,7,Lunes
20241008,10/8/2024,2024,4,10,Octubre,8,Martes
20241009,10/9/2024,2024,4,10,Octubre,9,Miércoles
20241010,10/10/2024,2024,4,10,Octubre,10,Jueves
20241011,10/11/2024,2024,4,10,Octubre,11,Viernes
20241012,10/12/2024,2024,4,10,Octubre,12,Sábado
20241013,10/13/2024,2024,4,10,Octubre,13,Domingo
20241014,10/14/2024,2024,4,10,Octubre,14,Lunes
20241015,10/15/2024,2024,4,10,Octubre,15,Martes
20241016,10/16/2024,2024,4,10,Octubre,16,Miércoles
20241017,10/17/2024,2024,4,10,Octubre,17,Jueves
20241018,10/18/2024,2024,4,10,Octubre,18,Viernes
20241019,10/19/2024,2024,4,10,Octubre,19,Sábado
20241020,10/20/2024,2024,4,10,Octubre,20,Domingo
20241021,10/21/2024,2024,4,10,Octubre,21,Lunes
20241022,10/22/2024,2024,4,10,Octubre,22,Martes
20241023,10/23/2024,2024,4,10,Octubre,23,Miércoles
20241024,10/24/2024,2024,4,10,Octubre,24,Jueves
20241025,10/25/2024,2024,4,10,Octubre,25,Viernes
20241026,10/26/2024,2024,4,10,Octubre,26,Sábado
20241027,10/27/2024,2024,4,10,Octubre,27,Domingo
20241028,10/28/2024,2024,4,10,Octubre,28,Lunes
20241029,10/29/2024,2024,4,10,Octubre,29,Martes
20241030,10/30/2024,2024,4,10,Octubre,30,Miércoles
20241031,10/31/2024,2024,4,10,Octubre,31,Jueves
20241101,11/1/2024,2024,4,11,Noviembre,1,Viernes
20241102,11/2/2024,2024,4,11,Noviembre,2,Sábado
20241103,11/3/2024,2024,4,11,Noviembre,3,Domingo
20241104,11/4/2024,2024,4,11,Noviembre,4,Lunes
20241105,11/5/2024,2024,4,11,Noviembre,5,Martes
20241106,11/6/2024,2024,4,11,Noviembre,6,Miércoles
20241107,11/7/2024,2024,4,11,Noviembre,7,Jueves
20241108,11/8/2024,2024,4,11,Noviembre,8,Viernes
20241109,11/9/2024,2024,4,11,Noviembre,9,Sábado
20241110,11/10/2024,2024,4,11,Noviembre,10,Domingo
20241111,11/11/2024,2024,4,11,Noviembre,11,Lunes
20241112,11/12/2024,2024,4,11,Noviembre,12,Martes
20241113,11/13/2024,2024,4,11,Noviembre,13,Miércoles
20241114,11/14/2024,2024,4,11,Noviembre,14,Jueves
20241115,11/15/2024,2024,4,11,Noviembre,15,Viernes
20241116,11/16/2024,2024,4,11,Noviembre,16,Sábado
20241117,11/17/2024,2024,4,11,Noviembre,17,Domingo
20241118,11/18/2024,2024,4,11,Noviembre,18,Lunes
20241119,11/19/2024,2024,4,11,Noviembre,19,Martes
20241120,11/20/2024,2024,4,11,Noviembre,20,Miércoles
20241121,11/21/2024,2024,4,11,Noviembre,21,Jueves
20241122,11/22/2024,2024,4,11,Noviembre,22,Viernes
20241123,11/23/2024,2024,4,11,Noviembre,23,Sábado
20241124,11/24/2024,2024,4,11,Noviembre,24,Domingo
20241125,11/25/2024,2024,4,11,Noviembre,25,Lunes
20241126,11/26/2024,2024,4,11,Noviembre,26,Martes
20241127,11/27/2024,2024,4,11,Noviembre,27,Miércoles
20241128,11/28/2024,2024,4,11,Noviembre,28,Jueves
20241129,11/29/2024,2024,4,11,Noviembre,29,Viernes
20241130,11/30/2024,2024,4,11,Noviembre,30,Sábado
20241201,12/1/2024,2024,4,12,Diciembre,1,Domingo
20241202,12/2/2024,2024,4,12,Diciembre,2,Lunes
20241203,12/3/2024,2024,4,12,Diciembre,3,Martes
20241204,12/4/2024,2024,4,12,Diciembre,4,Miércoles
20241205,12/5/2024,2024,4,12,Diciembre,5,Jueves
20241206,12/6/2024,2024,4,12,Diciembre,6,Viernes
20241207,12/7/2024,2024,4,12,Diciembre,7,Sábado
20241208,12/8/2024,2024,4,12,Diciembre,8,Domingo
20241209,12/9/2024,2024,4,12,Diciembre,9,Lunes
20241210,12/10/2024,2024,4,12,Diciembre,10,Martes
20241211,12/11/2024,2024,4,12,Diciembre,11,Miércoles
20241212,12/12/2024,2024,4,12,Diciembre,12,Jueves
20241213,12/13/2024,2024,4,12,Diciembre,13,Viernes
20241214,12/14/2024,2024,4,12,Diciembre,14,Sábado
20241215,12/15/2024,2024,4,12,Diciembre,15,Domingo
20241216,12/16/2024,2024,4,12,Diciembre,16,Lunes
20241217,12/17/2024,2024,4,12,Diciembre,17,Martes
20241218,12/18/2024,2024,4,12,Diciembre,18,Miércoles
20241219,12/19/2024,2024,4,12,Diciembre,19,Jueves
20241220,12/20/2024,2024,4,12,Diciembre,20,Viernes
20241221,12/21/2024,2024,4,12,Diciembre,21,Sábado
20241222,12/22/2024,2024,4,12,Diciembre,22,Domingo
20241223,12/23/2024,2024,4,12,Diciembre,23,Lunes
20241224,12/24/2024,2024,4,12,Diciembre,24,Martes
20241225,12/25/2024,2024,4,12,Diciembre,25,Miércoles
20241226,12/26/2024,2024,4,12,Diciembre,26,Jueves
20241227,12/27/2024,2024,4,12,Diciembre,27,Viernes
20241228,12/28/2024,2024,4,12,Diciembre,28,Sábado
20241229,12/29/2024,2024,4,12,Diciembre,29,Domingo
20241230,12/30/2024,2024,4,12,Diciembre,30,Lunes
20241231,12/31/2024,2024,4,12,Diciembre,31,Martes
20250101,1/1/2025,2025,1,1,Enero,1,Miércoles
20250102,1/2/2025,2025,1,1,Enero,2,Jueves
20250103,1/3/2025,2025,1,1,Enero,3,Viernes
20250104,1/4/2025,2025,1,1,Enero,4,Sábado
20250105,1/5/2025,2025,1,1,Enero,5,Domingo
20250106,1/6/2025,2025,1,1,Enero,6,Lunes
20250107,1/7/2025,2025,1,1,Enero,7,Martes
20250108,1/8/2025,2025,1,1,Enero,8,Miércoles
20250109,1/9/2025,2025,1,1,Enero,9,Jueves
20250110,1/10/2025,2025,1,1,Enero,10,Viernes
20250111,1/11/2025,2025,1,1,Enero,11,Sábado
20250112,1/12/2025,2025,1,1,Enero,12,Domingo
20250113,1/13/2025,2025,1,1,Enero,13,Lunes
20250114,1/14/2025,2025,1,1,Enero,14,Martes
20250115,1/15/2025,2025,1,1,Enero,15,Miércoles
20250116,1/16/2025,2025,1,1,Enero,16,Jueves
20250117,1/17/2025,2025,1,1,Enero,17,Viernes
20250118,1/18/2025,2025,1,1,Enero,18,Sábado
20250119,1/19/2025,2025,1,1,Enero,19,Domingo
20250120,1/20/2025,2025,1,1,Enero,20,Lunes
20250121,1/21/2025,2025,1,1,Enero,21,Martes
20250122,1/22/2025,2025,1,1,Enero,22,Miércoles
20250123,1/23/2025,2025,1,1,Enero,23,Jueves
20250124,1/24/2025,2025,1,1,Enero,24,Viernes
20250125,1/25/2025,2025,1,1,Enero,25,Sábado
20250126,1/26/2025,2025,1,1,Enero,26,Domingo
20250127,1/27/2025,2025,1,1,Enero,27,Lunes
20250128,1/28/2025,2025,1,1,Enero,28,Martes
20250129,1/29/2025,2025,1,1,Enero,29,Miércoles
20250130,1/30/2025,2025,1,1,Enero,30,Jueves
20250131,1/31/2025,2025,1,1,Enero,31,Viernes
20250201,2/1/2025,2025,1,2,Febrero,1,Sábado
20250202,2/2/2025,2025,1,2,Febrero,2,Domingo
20250203,2/3/2025,2025,1,2,Febrero,3,Lunes
20250204,2/4/2025,2025,1,2,Febrero,4,Martes
20250205,2/5/2025,2025,1,2,Febrero,5,Miércoles
20250206,2/6/2025,2025,1,2,Febrero,6,Jueves
20250207,2/7/2025,2025,1,2,Febrero,7,Viernes
20250208,2/8/2025,2025,1,2,Febrero,8,Sábado
20250209,2/9/2025,2025,1,2,Febrero,9,Domingo
20250210,2/10/2025,2025,1,2,Febrero,10,Lunes
20250211,2/11/2025,2025,1,2,Febrero,11,Martes
20250212,2/12/2025,2025,1,2,Febrero,12,Miércoles
20250213,2/13/2025,2025,1,2,Febrero,13,Jueves
20250214,2/14/2025,2025,1,2,Febrero,14,Viernes
20250215,2/15/2025,2025,1,2,Febrero,15,Sábado
20250216,2/16/2025,2025,1,2,Febrero,16,Domingo
20250217,2/17/2025,2025,1,2,Febrero,17,Lunes
20250218,2/18/2025,2025,1,2,Febrero,18,Martes
20250219,2/19/2025,2025,1,2,Febrero,19,Miércoles
20250220,2/20/2025,2025,1,2,Febrero,20,Jueves
20250221,2/21/2025,2025,1,2,Febrero,21,Viernes
20250222,2/22/2025,2025,1,2,Febrero,22,Sábado
20250223,2/23/2025,2025,1,2,Febrero,23,Domingo
20250224,2/24/2025,2025,1,2,Febrero,24,Lunes
20250225,2/25/2025,2025,1,2,Febrero,25,Martes
20250226,2/26/2025,2025,1,2,Febrero,26,Miércoles
20250227,2/27/2025,2025,1,2,Febrero,27,Jueves
20250228,2/28/2025,2025,1,2,Febrero,28,Viernes
20250301,3/1/2025,2025,1,3,Marzo,1,Sábado
20250302,3/2/2025,2025,1,3,Marzo,2,Domingo
20250303,3/3/2025,2025,1,3,Marzo,3,Lunes
20250304,3/4/2025,2025,1,3,Marzo,4,Martes
20250305,3/5/2025,2025,1,3,Marzo,5,Miércoles
20250306,3/6/2025,2025,1,3,Marzo,6,Jueves
20250307,3/7/2025,2025,1,3,Marzo,7,Viernes
20250308,3/8/2025,2025,1,3,Marzo,8,Sábado
20250309,3/9/2025,2025,1,3,Marzo,9,Domingo
20250310,3/10/2025,2025,1,3,Marzo,10,Lunes
20250311,3/11/2025,2025,1,3,Marzo,11,Martes
20250312,3/12/2025,2025,1,3,Marzo,12,Miércoles
20250313,3/13/2025,2025,1,3,Marzo,13,Jueves
20250314,3/14/2025,2025,1,3,Marzo,14,Viernes
20250315,3/15/2025,2025,1,3,Marzo,15,Sábado
20250316,3/16/2025,2025,1,3,Marzo,16,Domingo
20250317,3/17/2025,2025,1,3,Marzo,17,Lunes
20250318,3/18/2025,2025,1,3,Marzo,18,Martes
20250319,3/19/2025,2025,1,3,Marzo,19,Miércoles
20250320,3/20/2025,2025,1,3,Marzo,20,Jueves
20250321,3/21/2025,2025,1,3,Marzo,21,Viernes
20250322,3/22/2025,2025,1,3,Marzo,22,Sábado
20250323,3/23/2025,2025,1,3,Marzo,23,Domingo
20250324,3/24/2025,2025,1,3,Marzo,24,Lunes
20250325,3/25/2025,2025,1,3,Marzo,25,Martes
20250326,3/26/2025,2025,1,3,Marzo,26,Miércoles
20250327,3/27/2025,2025,1,3,Marzo,27,Jueves
20250328,3/28/2025,2025,1,3,Marzo,28,Viernes
20250329,3/29/2025,2025,1,3,Marzo,29,Sábado
20250330,3/30/2025,2025,1,3,Marzo,30,Domingo
20250331,3/31/2025,2025,1,3,Marzo,31,Lunes
