Sale_ID,Order_ID,Fecha_ID,Cliente_ID,Geografia_ID,Producto_ID,Metodo_Pago_ID,Cantidad,Monto_UYU,Ganancia_UYU
V-000001,UY-00001,20200322,C-0001,G-001,P-001,MP-1,4,219830,67180
V-000002,UY-00002,20200323,C-0002,G-002,P-002,MP-2,32,3780,1300
V-000003,UY-00003,20200331,C-0003,G-003,P-003,MP-3,2,30220,6190
V-000004,UY-00003,20200331,C-0003,G-003,P-002,MP-4,1,170,80
V-000005,UY-00004,20200402,C-0004,G-004,P-004,MP-2,4,150790,31790
V-000006,UY-00004,20200402,C-0004,G-004,P-003,MP-4,2,142840,19060
V-000007,UY-00005,20200404,C-0005,G-005,P-005,MP-4,2,63690,13240
V-000008,UY-00005,20200404,C-0005,G-005,P-005,MP-3,3,69320,15390
V-000009,UY-00005,20200404,C-0005,G-005,P-006,MP-5,10,137960,44000
V-000010,UY-00006,20200405,C-0006,G-006,P-004,MP-1,3,264970,73810
V-000011,UY-00007,20200408,C-0007,G-007,P-007,MP-2,7,2610,580
V-000012,UY-00007,20200408,C-0007,G-007,P-008,MP-4,4,120030,22340
V-000013,UY-00008,20200408,C-0008,G-004,P-009,MP-4,1,22570,5690
V-000014,UY-00008,20200408,C-0008,G-004,P-004,MP-4,2,224710,60500
V-000015,UY-00009,20200413,C-0009,G-002,P-010,MP-4,19,3670,1480
V-000016,UY-00009,20200413,C-0009,G-002,P-002,MP-2,20,1460,510
V-000017,UY-00010,20200416,C-0010,G-008,P-004,MP-1,1,114400,20020
V-000018,UY-00011,20200418,C-0011,G-009,P-010,MP-4,21,4520,1540
V-000019,UY-00012,20200418,C-0012,G-010,P-003,MP-3,2,128700,12930
V-000020,UY-00012,20200418,C-0012,G-010,P-002,MP-3,34,4220,1400
V-000021,UY-00013,20200419,C-0013,G-006,P-009,MP-1,2,51370,15580
V-000022,UY-00014,20200422,C-0014,G-011,P-008,MP-4,4,44860,13390
V-000023,UY-00014,20200422,C-0014,G-011,P-003,MP-1,4,253540,47920
V-000024,UY-00015,20200425,C-0015,G-004,P-001,MP-1,1,28940,7400
V-000025,UY-00016,20200425,C-0016,G-009,P-002,MP-1,21,2940,1390
V-000026,UY-00016,20200425,C-0016,G-009,P-011,MP-4,10,4240,1570
V-000027,UY-00017,20200427,C-0017,G-012,P-006,MP-5,1,5450,1410
V-000028,UY-00017,20200427,C-0017,G-012,P-006,MP-4,4,62580,13930
V-000029,UY-00018,20200429,C-0018,G-002,P-001,MP-5,5,119320,27820
V-000030,UY-00019,20200429,C-0019,G-012,P-010,MP-4,30,4680,1960
V-000031,UY-00019,20200429,C-0019,G-012,P-009,MP-3,4,89530,24110
V-000032,UY-00020,20200502,C-0020,G-006,P-003,MP-2,4,205960,24320
V-000033,UY-00020,20200502,C-0020,G-006,P-010,MP-4,14,2160,750
V-000034,UY-00020,20200502,C-0020,G-006,P-001,MP-3,3,17050,3300
V-000035,UY-00021,20200502,C-0021,G-013,P-012,MP-2,4,248700,30220
V-000036,UY-00022,20200504,C-0022,G-012,P-004,MP-1,3,80020,15130
V-000037,UY-00022,20200504,C-0022,G-012,P-003,MP-1,5,238910,42880
V-000038,UY-00023,20200504,C-0023,G-010,P-007,MP-3,4,1540,500
V-000039,UY-00024,20200504,C-0024,G-009,P-005,MP-2,5,116360,31130
V-000040,UY-00025,20200504,C-0025,G-004,P-004,MP-2,3,334480,56500
V-000041,UY-00025,20200504,C-0025,G-004,P-010,MP-1,6,920,450
V-000042,UY-00025,20200504,C-0025,G-004,P-009,MP-4,4,62360,12800
V-000043,UY-00026,20200511,C-0026,G-009,P-001,MP-4,6,141710,38240
V-000044,UY-00027,20200513,C-0027,G-014,P-004,MP-5,3,233780,46500
V-000045,UY-00028,20200514,C-0028,G-010,P-007,MP-1,13,6190,1460
V-000046,UY-00028,20200514,C-0028,G-010,P-009,MP-2,1,31970,9680
V-000047,UY-00029,20200517,C-0029,G-005,P-004,MP-3,2,153020,33850
V-000048,UY-00030,20200522,C-0030,G-015,P-010,MP-1,10,1410,640
V-000049,UY-00031,20200523,C-0031,G-016,P-002,MP-3,2,80,30
V-000050,UY-00031,20200523,C-0031,G-016,P-003,MP-3,1,70480,8090
V-000051,UY-00032,20200524,C-0032,G-006,P-012,MP-2,4,252340,41830
V-000052,UY-00032,20200524,C-0032,G-006,P-006,MP-3,5,91700,25540
V-000053,UY-00033,20200524,C-0033,G-002,P-002,MP-3,35,3400,1250
V-000054,UY-00034,20200602,C-0034,G-017,P-003,MP-3,3,45880,8350
V-000055,UY-00035,20200607,C-0035,G-017,P-004,MP-2,2,205760,44750
V-000056,UY-00036,20200616,C-0036,G-017,P-012,MP-1,4,295590,56430
V-000057,UY-00037,20200617,C-0037,G-015,P-010,MP-5,5,1100,530
V-000058,UY-00038,20200621,C-0038,G-016,P-003,MP-2,1,33770,6430
V-000059,UY-00039,20200621,C-0039,G-016,P-005,MP-5,5,163500,27430
V-000060,UY-00040,20200623,C-0040,G-001,P-004,MP-3,2,202790,51910
V-000061,UY-00041,20200623,C-0041,G-012,P-004,MP-5,1,112370,26040
V-000062,UY-00042,20200624,C-0042,G-005,P-009,MP-2,5,119930,30200
V-000063,UY-00042,20200624,C-0042,G-005,P-004,MP-4,3,101350,18190
V-000064,UY-00043,20200704,C-0043,G-007,P-002,MP-5,8,500,180
V-000065,UY-00044,20200704,C-0044,G-002,P-002,MP-2,8,400,150
V-000066,UY-00045,20200706,C-0045,G-006,P-010,MP-4,29,3360,1400
V-000067,UY-00046,20200709,C-0046,G-001,P-005,MP-2,2,83020,15380
V-000068,UY-00047,20200712,C-0047,G-018,P-011,MP-4,24,4440,1500
V-000069,UY-00047,20200712,C-0047,G-018,P-010,MP-2,30,3000,1210
V-000070,UY-00048,20200713,C-0048,G-018,P-002,MP-1,21,3610,1730
V-000071,UY-00049,20200716,C-0049,G-004,P-002,MP-5,30,4380,1820
V-000072,UY-00050,20200725,C-0050,G-009,P-005,MP-2,3,107680,28450
V-000073,UY-00051,20200805,C-0051,G-012,P-004,MP-5,2,118640,32030
V-000074,UY-00052,20200807,C-0052,G-012,P-003,MP-3,1,18140,2750
V-000075,UY-00053,20200809,C-0053,G-004,P-011,MP-4,13,2800,1230
V-000076,UY-00054,20200810,C-0054,G-008,P-007,MP-2,8,3430,1100
V-000077,UY-00055,20200810,C-0055,G-001,P-004,MP-1,3,259520,63120
V-000078,UY-00056,20200811,C-0056,G-007,P-001,MP-4,4,40960,12940
V-000079,UY-00057,20200816,C-0057,G-011,P-004,MP-5,2,105080,21200
V-000080,UY-00058,20200818,C-0058,G-011,P-006,MP-1,3,55220,11460
V-000081,UY-00059,20200819,C-0059,G-016,P-010,MP-2,7,980,470
V-000082,UY-00060,20200821,C-0060,G-013,P-003,MP-5,5,356280,40430
V-000083,UY-00060,20200821,C-0060,G-013,P-004,MP-1,3,277360,58880
V-000084,UY-00060,20200821,C-0060,G-013,P-005,MP-2,3,36200,8530
V-000085,UY-00060,20200821,C-0060,G-013,P-009,MP-1,2,40300,12680
V-000086,UY-00061,20200824,C-0061,G-003,P-007,MP-2,14,6030,1780
V-000087,UY-00062,20200827,C-0062,G-010,P-008,MP-3,4,70160,14440
V-000088,UY-00063,20200828,C-0063,G-017,P-008,MP-5,1,26580,6320
V-000089,UY-00064,20200901,C-0064,G-002,P-002,MP-2,31,1080,500
V-000090,UY-00065,20200904,C-0065,G-018,P-005,MP-4,4,152860,25180
V-000091,UY-00066,20200908,C-0066,G-018,P-007,MP-4,28,12960,4150
V-000092,UY-00067,20200908,C-0067,G-002,P-006,MP-1,9,167560,46660
V-000093,UY-00068,20200909,C-0068,G-008,P-012,MP-1,4,402960,42180
V-000094,UY-00069,20200910,C-0069,G-015,P-012,MP-3,1,40000,4080
V-000095,UY-00069,20200910,C-0069,G-015,P-008,MP-4,2,26500,5690
V-000096,UY-00070,20200912,C-0070,G-002,P-004,MP-2,1,110530,24730
V-000097,UY-00070,20200912,C-0070,G-002,P-006,MP-1,1,8270,2390
V-000098,UY-00071,20200915,C-0071,G-016,P-011,MP-4,5,960,370
V-000099,UY-00071,20200915,C-0071,G-016,P-002,MP-3,1,50,20
V-000100,UY-00071,20200915,C-0071,G-016,P-004,MP-1,4,306940,67520
V-000101,UY-00072,20200921,C-0072,G-015,P-004,MP-3,4,332860,78400
V-000102,UY-00072,20200921,C-0072,G-015,P-012,MP-4,3,133020,15850
V-000103,UY-00073,20200921,C-0073,G-006,P-003,MP-1,3,202040,21170
V-000104,UY-00074,20200926,C-0074,G-005,P-009,MP-3,5,76460,24040
V-000105,UY-00075,20200926,C-0075,G-016,P-005,MP-4,5,192000,30070
V-000106,UY-00076,20200930,C-0076,G-016,P-007,MP-2,11,4340,1080
V-000107,UY-00076,20200930,C-0076,G-016,P-012,MP-1,1,38400,6250
V-000108,UY-00077,20200930,C-0077,G-017,P-012,MP-3,4,143460,18850
V-000109,UY-00078,20201001,C-0078,G-003,P-003,MP-2,5,300220,58740
V-000110,UY-00079,20201002,C-0079,G-003,P-004,MP-5,1,53140,13270
V-000111,UY-00080,20201002,C-0080,G-002,P-006,MP-1,9,169330,38880
V-000112,UY-00080,20201002,C-0080,G-002,P-008,MP-1,4,89520,24120
V-000113,UY-00081,20201008,C-0081,G-012,P-002,MP-2,25,1820,580
V-000114,UY-00081,20201008,C-0081,G-012,P-012,MP-1,3,199930,32630
V-000115,UY-00082,20201011,C-0082,G-006,P-012,MP-5,4,439140,79200
V-000116,UY-00083,20201015,C-0083,G-001,P-008,MP-2,2,32250,9070
V-000117,UY-00084,20201017,C-0084,G-017,P-003,MP-4,5,171320,35490
V-000118,UY-00084,20201017,C-0084,G-017,P-011,MP-5,5,1020,260
V-000119,UY-00085,20201020,C-0085,G-012,P-007,MP-4,20,7560,1760
V-000120,UY-00085,20201020,C-0085,G-012,P-007,MP-4,17,5300,1810
V-000121,UY-00086,20201020,C-0086,G-012,P-003,MP-3,2,154580,20150
V-000122,UY-00086,20201020,C-0086,G-012,P-002,MP-4,19,3080,1330
V-000123,UY-00087,20201021,C-0087,G-010,P-008,MP-3,1,22660,5290
V-000124,UY-00088,20201021,C-0088,G-008,P-008,MP-5,1,29620,8080
V-000125,UY-00089,20201021,C-0089,G-015,P-006,MP-4,9,156160,40060
V-000126,UY-00089,20201021,C-0089,G-015,P-004,MP-4,2,106460,23440
V-000127,UY-00089,20201021,C-0089,G-015,P-002,MP-4,9,690,240
V-000128,UY-00090,20201023,C-0090,G-011,P-003,MP-1,2,52920,8200
V-000129,UY-00090,20201023,C-0090,G-011,P-005,MP-4,1,27330,6770
V-000130,UY-00090,20201023,C-0090,G-011,P-006,MP-5,6,115650,28330
V-000131,UY-00091,20201026,C-0091,G-009,P-010,MP-3,3,280,130
V-000132,UY-00092,20201027,C-0092,G-016,P-009,MP-3,1,38640,7680
V-000133,UY-00092,20201027,C-0092,G-016,P-005,MP-2,1,36380,5840
V-000134,UY-00093,20201028,C-0093,G-003,P-002,MP-4,37,5250,1860
V-000135,UY-00094,20201103,C-0094,G-003,P-007,MP-4,10,4480,1460
V-000136,UY-00095,20201106,C-0095,G-004,P-004,MP-4,3,207590,36190
V-000137,UY-00095,20201106,C-0095,G-004,P-009,MP-2,3,23060,7000
V-000138,UY-00096,20201109,C-0096,G-010,P-001,MP-2,3,151930,42470
V-000139,UY-00097,20201110,C-0097,G-018,P-001,MP-4,1,27820,7840
V-000140,UY-00097,20201110,C-0097,G-018,P-006,MP-3,8,37260,12070
V-000141,UY-00098,20201110,C-0098,G-003,P-006,MP-5,7,146160,37360
V-000142,UY-00099,20201116,C-0099,G-012,P-009,MP-1,1,32340,8170
V-000143,UY-00099,20201116,C-0099,G-012,P-009,MP-2,5,199980,41340
V-000144,UY-00099,20201116,C-0099,G-012,P-009,MP-4,2,33620,8580
V-000145,UY-00100,20201119,C-0100,G-004,P-007,MP-1,23,7410,2480
V-000146,UY-00101,20201121,C-0101,G-001,P-007,MP-2,4,1560,360
V-000147,UY-00101,20201121,C-0101,G-001,P-001,MP-4,5,29160,7880
V-000148,UY-00102,20201123,C-0102,G-012,P-002,MP-5,29,1540,770
V-000149,UY-00103,20201125,C-0103,G-008,P-002,MP-3,38,4830,2260
V-000150,UY-00104,20201127,C-0104,G-018,P-003,MP-4,4,70040,10320
V-000151,UY-00105,20201128,C-0105,G-016,P-011,MP-1,17,4660,1340
V-000152,UY-00105,20201128,C-0105,G-016,P-011,MP-5,19,9480,3810
V-000153,UY-00106,20201129,C-0106,G-013,P-005,MP-3,4,69890,14520
V-000154,UY-00107,20201130,C-0107,G-015,P-006,MP-3,4,25040,6580
V-000155,UY-00107,20201130,C-0107,G-015,P-007,MP-2,2,750,240
V-000156,UY-00108,20201205,C-0108,G-012,P-006,MP-1,6,73270,18910
V-000157,UY-00109,20201213,C-0109,G-001,P-007,MP-1,17,8040,2480
V-000158,UY-00110,20201213,C-0110,G-011,P-009,MP-4,3,101830,30170
V-000159,UY-00111,20201215,C-0111,G-001,P-010,MP-3,28,3000,1130
V-000160,UY-00112,20201215,C-0112,G-007,P-010,MP-4,5,940,430
V-000161,UY-00112,20201215,C-0112,G-007,P-009,MP-3,6,236410,47450
V-000162,UY-00113,20201216,C-0113,G-017,P-011,MP-1,18,5130,2130
V-000163,UY-00114,20201217,C-0114,G-007,P-008,MP-3,6,98910,19510
V-000164,UY-00115,20201221,C-0115,G-005,P-010,MP-4,3,400,200
V-000165,UY-00116,20201221,C-0116,G-005,P-008,MP-4,1,9000,1840
V-000166,UY-00117,20201223,C-0117,G-014,P-009,MP-4,4,102880,24950
V-000167,UY-00118,20201224,C-0118,G-004,P-010,MP-5,23,4810,1620
V-000168,UY-00119,20201227,C-0119,G-006,P-009,MP-1,6,137410,28910
V-000169,UY-00120,20201231,C-0120,G-006,P-009,MP-1,5,183010,34670
V-000170,UY-00120,20201231,C-0120,G-006,P-009,MP-4,3,48170,8890
V-000171,UY-00120,20201231,C-0120,G-006,P-007,MP-4,10,3020,740
V-000172,UY-00121,20210103,C-0121,G-011,P-002,MP-1,29,2870,1120
V-000173,UY-00121,20210103,C-0121,G-011,P-007,MP-2,2,850,300
V-000174,UY-00122,20210103,C-0122,G-012,P-003,MP-2,5,162360,34090
V-000175,UY-00123,20210104,C-0123,G-012,P-010,MP-4,8,1350,510
V-000176,UY-00124,20210119,C-0124,G-001,P-012,MP-4,1,93980,10570
V-000177,UY-00124,20210119,C-0124,G-001,P-002,MP-3,2,190,80
V-000178,UY-00125,20210121,C-0125,G-008,P-009,MP-4,1,36470,7460
V-000179,UY-00125,20210121,C-0125,G-008,P-010,MP-3,26,4030,1600
V-000180,UY-00126,20210130,C-0126,G-015,P-001,MP-4,2,109600,30010
V-000181,UY-00127,20210204,C-0127,G-003,P-004,MP-3,2,204060,44590
V-000182,UY-00128,20210206,C-0128,G-015,P-004,MP-4,2,190510,41360
V-000183,UY-00129,20210209,C-0129,G-009,P-012,MP-5,3,270820,41600
V-000184,UY-00129,20210209,C-0129,G-009,P-006,MP-1,4,95570,30450
V-000185,UY-00129,20210209,C-0129,G-009,P-004,MP-1,4,168920,29280
V-000186,UY-00129,20210209,C-0129,G-009,P-003,MP-2,1,29710,3380
V-000187,UY-00130,20210210,C-0130,G-001,P-009,MP-4,6,156250,48720
V-000188,UY-00131,20210212,C-0131,G-001,P-006,MP-1,3,24810,8570
V-000189,UY-00131,20210212,C-0131,G-001,P-007,MP-4,7,3120,860
V-000190,UY-00132,20210214,C-0132,G-005,P-005,MP-5,3,65440,17600
V-000191,UY-00133,20210217,C-0133,G-003,P-002,MP-2,2,300,110
V-000192,UY-00133,20210217,C-0133,G-003,P-001,MP-1,4,85780,16240
V-000193,UY-00134,20210218,C-0134,G-015,P-007,MP-1,8,3060,820
V-000194,UY-00134,20210218,C-0134,G-015,P-003,MP-2,5,371400,71050
V-000195,UY-00134,20210218,C-0134,G-015,P-003,MP-4,5,347440,66480
V-000196,UY-00135,20210222,C-0135,G-001,P-003,MP-5,4,290730,58720
V-000197,UY-00136,20210228,C-0136,G-014,P-002,MP-5,28,3810,1700
V-000198,UY-00137,20210301,C-0137,G-016,P-008,MP-1,2,30980,6300
V-000199,UY-00138,20210303,C-0138,G-002,P-008,MP-5,5,41360,8410
V-000200,UY-00139,20210305,C-0139,G-013,P-012,MP-1,4,244180,38990
V-000201,UY-00140,20210306,C-0140,G-013,P-001,MP-1,2,112830,35100
V-000202,UY-00140,20210306,C-0140,G-013,P-005,MP-1,1,27250,5910
V-000203,UY-00140,20210306,C-0140,G-013,P-002,MP-5,4,300,150
V-000204,UY-00141,20210307,C-0141,G-006,P-006,MP-4,6,66900,21440
V-000205,UY-00142,20210312,C-0142,G-007,P-004,MP-5,2,70000,17800
V-000206,UY-00143,20210313,C-0143,G-010,P-003,MP-5,4,180610,32010
V-000207,UY-00144,20210314,C-0144,G-010,P-001,MP-2,6,288190,69360
V-000208,UY-00145,20210318,C-0145,G-015,P-008,MP-5,3,36990,10240
V-000209,UY-00146,20210321,C-0146,G-007,P-002,MP-2,34,2350,860
V-000210,UY-00147,20210324,C-0147,G-004,P-001,MP-4,5,139270,29140
V-000211,UY-00147,20210324,C-0147,G-004,P-002,MP-3,23,940,430
V-000212,UY-00148,20210324,C-0148,G-005,P-010,MP-1,2,180,80
V-000213,UY-00148,20210324,C-0148,G-005,P-005,MP-4,1,34710,9530
V-000214,UY-00149,20210325,C-0149,G-017,P-012,MP-5,2,191560,26990
V-000215,UY-00149,20210325,C-0149,G-017,P-001,MP-2,5,29180,7390
V-000216,UY-00150,20210328,C-0150,G-008,P-010,MP-3,22,4600,1460
V-000217,UY-00151,20210401,C-0151,G-009,P-003,MP-2,3,244280,40790
V-000218,UY-00151,20210401,C-0151,G-009,P-001,MP-2,6,28940,5370
V-000219,UY-00152,20210403,C-0152,G-014,P-002,MP-2,19,3170,1350
V-000220,UY-00153,20210403,C-0153,G-004,P-001,MP-3,4,26400,5030
V-000221,UY-00154,20210404,C-0154,G-013,P-011,MP-1,15,6990,2060
V-000222,UY-00155,20210405,C-0155,G-013,P-006,MP-5,2,6870,2280
V-000223,UY-00155,20210405,C-0155,G-013,P-009,MP-1,2,49960,12170
V-000224,UY-00155,20210405,C-0155,G-013,P-004,MP-2,4,401320,97100
V-000225,UY-00156,20210412,C-0156,G-003,P-004,MP-3,3,107010,27280
V-000226,UY-00157,20210419,C-0157,G-002,P-005,MP-3,3,34120,7870
V-000227,UY-00158,20210427,C-0158,G-011,P-001,MP-5,5,24490,6730
V-000228,UY-00159,20210430,C-0159,G-017,P-010,MP-2,20,3340,1270
V-000229,UY-00159,20210430,C-0159,G-017,P-002,MP-1,23,1130,430
V-000230,UY-00160,20210503,C-0160,G-011,P-004,MP-2,3,122680,24470
V-000231,UY-00161,20210507,C-0161,G-002,P-007,MP-1,14,5100,1600
V-000232,UY-00161,20210507,C-0161,G-002,P-004,MP-4,3,313210,60750
V-000233,UY-00162,20210508,C-0162,G-006,P-008,MP-2,5,52060,12150
V-000234,UY-00162,20210508,C-0162,G-006,P-003,MP-2,5,194280,37730
V-000235,UY-00163,20210512,C-0163,G-012,P-010,MP-3,14,3000,1330
V-000236,UY-00163,20210512,C-0163,G-012,P-005,MP-4,1,38260,7680
V-000237,UY-00163,20210512,C-0163,G-012,P-003,MP-5,5,372920,63230
V-000238,UY-00164,20210515,C-0164,G-007,P-010,MP-5,17,2450,1060
V-000239,UY-00165,20210516,C-0165,G-008,P-011,MP-5,17,7680,2820
V-000240,UY-00165,20210516,C-0165,G-008,P-010,MP-4,13,1640,550
V-000241,UY-00166,20210518,C-0166,G-007,P-006,MP-3,3,31030,7570
V-000242,UY-00166,20210518,C-0166,G-007,P-005,MP-2,3,44310,12400
V-000243,UY-00167,20210525,C-0167,G-015,P-009,MP-1,3,74570,18090
V-000244,UY-00168,20210527,C-0168,G-018,P-005,MP-2,2,78700,17750
V-000245,UY-00168,20210527,C-0168,G-018,P-009,MP-3,6,204430,62240
V-000246,UY-00169,20210527,C-0169,G-016,P-010,MP-2,12,2380,840
V-000247,UY-00170,20210527,C-0170,G-007,P-012,MP-3,4,215300,32160
V-000248,UY-00171,20210528,C-0171,G-007,P-012,MP-3,3,335610,36020
V-000249,UY-00172,20210528,C-0172,G-015,P-004,MP-4,4,183570,35000
V-000250,UY-00173,20210602,C-0173,G-007,P-007,MP-3,15,5820,1340
V-000251,UY-00174,20210603,C-0174,G-009,P-008,MP-5,3,101520,30040
V-000252,UY-00175,20210604,C-0175,G-005,P-011,MP-1,21,7060,2430
V-000253,UY-00176,20210605,C-0176,G-004,P-001,MP-5,5,237600,58000
V-000254,UY-00177,20210606,C-0177,G-014,P-001,MP-1,3,144850,37140
V-000255,UY-00178,20210607,C-0178,G-004,P-002,MP-3,9,700,260
V-000256,UY-00179,20210611,C-0179,G-006,P-001,MP-1,5,156680,45100
V-000257,UY-00180,20210611,C-0180,G-016,P-004,MP-3,1,71410,17520
V-000258,UY-00181,20210613,C-0181,G-009,P-001,MP-2,5,178280,43200
V-000259,UY-00182,20210613,C-0182,G-005,P-011,MP-2,2,490,190
V-000260,UY-00183,20210614,C-0183,G-015,P-008,MP-1,2,44450,12010
V-000261,UY-00184,20210615,C-0184,G-005,P-007,MP-3,12,4270,1260
V-000262,UY-00184,20210615,C-0184,G-005,P-012,MP-2,2,215390,31800
V-000263,UY-00185,20210617,C-0185,G-011,P-008,MP-1,4,45330,12160
V-000264,UY-00186,20210618,C-0186,G-006,P-005,MP-4,2,23500,6460
V-000265,UY-00186,20210618,C-0186,G-006,P-009,MP-3,2,38230,8520
V-000266,UY-00187,20210627,C-0187,G-011,P-006,MP-2,3,24120,5070
V-000267,UY-00187,20210627,C-0187,G-011,P-004,MP-5,2,166100,41580
V-000268,UY-00188,20210705,C-0188,G-015,P-007,MP-3,22,7830,1800
V-000269,UY-00189,20210708,C-0189,G-002,P-007,MP-2,5,1560,390
V-000270,UY-00189,20210708,C-0189,G-002,P-008,MP-4,5,141140,35050
V-000271,UY-00190,20210709,C-0190,G-018,P-010,MP-3,28,5180,2230
V-000272,UY-00191,20210712,C-0191,G-007,P-001,MP-1,4,142300,40910
V-000273,UY-00192,20210718,C-0192,G-009,P-002,MP-3,31,2850,1050
V-000274,UY-00193,20210718,C-0193,G-013,P-007,MP-1,8,2580,690
V-000275,UY-00194,20210721,C-0194,G-011,P-010,MP-2,15,1200,390
V-000276,UY-00194,20210721,C-0194,G-011,P-011,MP-4,12,3640,1370
V-000277,UY-00195,20210725,C-0195,G-016,P-012,MP-2,1,70710,8050
V-000278,UY-00196,20210725,C-0196,G-012,P-001,MP-4,2,45280,9950
V-000279,UY-00196,20210725,C-0196,G-012,P-005,MP-4,5,185940,28510
V-000280,UY-00197,20210731,C-0093,G-009,P-005,MP-3,1,6290,1080
V-000281,UY-00197,20210731,C-0093,G-009,P-002,MP-2,19,3290,1000
V-000282,UY-00198,20210802,C-0197,G-001,P-010,MP-3,14,1250,410
V-000283,UY-00199,20210806,C-0198,G-017,P-002,MP-1,11,420,190
V-000284,UY-00200,20210809,C-0199,G-005,P-010,MP-2,6,880,370
V-000285,UY-00201,20210810,C-0200,G-010,P-004,MP-5,2,78190,15970
V-000286,UY-00202,20210812,C-0201,G-012,P-004,MP-4,4,271530,46410
V-000287,UY-00203,20210812,C-0202,G-018,P-009,MP-1,6,170040,51880
V-000288,UY-00203,20210812,C-0202,G-018,P-008,MP-3,5,112100,20960
V-000289,UY-00204,20210813,C-0203,G-017,P-008,MP-4,4,26990,7130
V-000290,UY-00204,20210813,C-0203,G-017,P-003,MP-1,4,149920,18840
V-000291,UY-00205,20210817,C-0204,G-009,P-009,MP-5,6,63800,19400
V-000292,UY-00206,20210817,C-0205,G-005,P-009,MP-5,1,12040,2700
V-000293,UY-00207,20210817,C-0206,G-010,P-003,MP-1,1,35470,7080
V-000294,UY-00208,20210819,C-0207,G-011,P-007,MP-4,28,11650,4060
V-000295,UY-00209,20210821,C-0208,G-007,P-010,MP-4,19,2390,1040
V-000296,UY-00209,20210821,C-0208,G-007,P-011,MP-5,17,7920,2880
V-000297,UY-00210,20210824,C-0209,G-002,P-012,MP-2,4,170860,27470
V-000298,UY-00211,20210829,C-0210,G-012,P-006,MP-2,4,76640,21220
V-000299,UY-00212,20210906,C-0211,G-001,P-012,MP-3,1,48830,8420
V-000300,UY-00212,20210906,C-0211,G-001,P-008,MP-1,5,66490,15890
V-000301,UY-00213,20210906,C-0212,G-011,P-007,MP-3,26,11050,3460
V-000302,UY-00214,20210908,C-0102,G-017,P-001,MP-1,3,23540,4490
V-000303,UY-00215,20210908,C-0213,G-016,P-011,MP-5,4,1270,360
V-000304,UY-00215,20210908,C-0213,G-016,P-011,MP-1,8,2060,700
V-000305,UY-00216,20210909,C-0214,G-018,P-011,MP-1,24,8930,2730
V-000306,UY-00216,20210909,C-0214,G-018,P-011,MP-5,23,7340,2830
V-000307,UY-00217,20210914,C-0215,G-014,P-003,MP-2,5,194980,28930
V-000308,UY-00218,20210915,C-0216,G-008,P-005,MP-4,1,18710,4720
V-000309,UY-00218,20210915,C-0216,G-008,P-004,MP-1,1,110020,18540
V-000310,UY-00219,20210930,C-0217,G-018,P-002,MP-5,32,1380,600
V-000311,UY-00220,20211002,C-0218,G-010,P-002,MP-3,9,1350,480
V-000312,UY-00221,20211004,C-0219,G-012,P-009,MP-1,6,201430,43830
V-000313,UY-00222,20211004,C-0220,G-003,P-007,MP-3,22,9310,2040
V-000314,UY-00223,20211005,C-0221,G-010,P-008,MP-5,5,74040,14550
V-000315,UY-00224,20211006,C-0222,G-005,P-010,MP-5,16,3310,1020
V-000316,UY-00225,20211006,C-0223,G-002,P-003,MP-5,3,159940,32240
V-000317,UY-00226,20211009,C-0224,G-005,P-002,MP-1,4,430,150
V-000318,UY-00227,20211009,C-0225,G-017,P-011,MP-4,20,8980,3340
V-000319,UY-00227,20211009,C-0225,G-017,P-002,MP-1,13,2160,920
V-000320,UY-00228,20211012,C-0226,G-009,P-005,MP-4,3,57320,15020
V-000321,UY-00228,20211012,C-0226,G-009,P-009,MP-3,2,78530,22460
V-000322,UY-00229,20211017,C-0227,G-018,P-007,MP-4,20,9340,2900
V-000323,UY-00229,20211017,C-0227,G-018,P-007,MP-4,12,3770,1160
V-000324,UY-00230,20211019,C-0228,G-018,P-008,MP-4,5,53500,12530
V-000325,UY-00231,20211020,C-0229,G-013,P-010,MP-4,1,90,40
V-000326,UY-00231,20211020,C-0229,G-013,P-005,MP-3,4,104440,18450
V-000327,UY-00232,20211023,C-0230,G-017,P-002,MP-3,30,4980,1770
V-000328,UY-00232,20211023,C-0230,G-017,P-001,MP-4,3,151160,45400
V-000329,UY-00233,20211023,C-0231,G-007,P-004,MP-5,2,126340,23680
V-000330,UY-00234,20211026,C-0232,G-014,P-007,MP-1,10,4000,850
V-000331,UY-00234,20211026,C-0232,G-014,P-002,MP-2,9,1400,490
V-000332,UY-00235,20211029,C-0233,G-013,P-005,MP-1,1,12500,1980
V-000333,UY-00236,20211029,C-0234,G-016,P-004,MP-1,2,193780,34470
V-000334,UY-00237,20211031,C-0235,G-001,P-008,MP-2,5,79980,24730
V-000335,UY-00238,20211101,C-0236,G-015,P-005,MP-5,2,56570,12700
V-000336,UY-00239,20211106,C-0237,G-004,P-002,MP-1,21,2420,760
V-000337,UY-00240,20211111,C-0238,G-005,P-009,MP-5,1,20770,6310
V-000338,UY-00240,20211111,C-0238,G-005,P-001,MP-3,3,144790,42370
V-000339,UY-00241,20211112,C-0239,G-006,P-007,MP-3,2,700,200
V-000340,UY-00242,20211112,C-0240,G-004,P-005,MP-4,5,110190,28950
V-000341,UY-00242,20211112,C-0240,G-004,P-008,MP-1,1,6350,1610
V-000342,UY-00243,20211113,C-0241,G-006,P-005,MP-2,2,28530,7100
V-000343,UY-00244,20211113,C-0242,G-003,P-011,MP-4,2,900,270
V-000344,UY-00244,20211113,C-0242,G-003,P-008,MP-2,5,70460,17320
V-000345,UY-00245,20211116,C-0243,G-006,P-012,MP-2,2,232010,45670
V-000346,UY-00245,20211116,C-0243,G-006,P-006,MP-3,4,94020,19390
V-000347,UY-00246,20211116,C-0244,G-004,P-009,MP-5,3,99560,20060
V-000348,UY-00246,20211116,C-0244,G-004,P-008,MP-4,1,10980,2850
V-000349,UY-00246,20211116,C-0244,G-004,P-010,MP-2,29,3040,1270
V-000350,UY-00247,20211120,C-0245,G-003,P-004,MP-5,3,217890,41850
V-000351,UY-00248,20211120,C-0246,G-012,P-004,MP-4,3,241840,59920
V-000352,UY-00248,20211120,C-0246,G-012,P-009,MP-1,4,134960,39460
V-000353,UY-00248,20211120,C-0246,G-012,P-011,MP-1,14,7520,2180
V-000354,UY-00249,20211123,C-0247,G-014,P-004,MP-5,3,200560,42880
V-000355,UY-00250,20211124,C-0248,G-004,P-010,MP-5,5,480,210
V-000356,UY-00251,20211126,C-0249,G-009,P-009,MP-2,5,189460,37680
V-000357,UY-00251,20211126,C-0249,G-009,P-004,MP-1,3,298480,73240
V-000358,UY-00251,20211126,C-0249,G-009,P-012,MP-3,2,107500,13650
V-000359,UY-00252,20211127,C-0250,G-005,P-006,MP-2,4,76830,21610
V-000360,UY-00252,20211127,C-0250,G-005,P-001,MP-2,5,126790,32750
V-000361,UY-00253,20211129,C-0251,G-006,P-001,MP-1,1,10900,3210
V-000362,UY-00253,20211129,C-0251,G-006,P-009,MP-3,6,183660,35660
V-000363,UY-00254,20211201,C-0252,G-014,P-010,MP-4,8,1020,340
V-000364,UY-00254,20211201,C-0252,G-014,P-008,MP-1,6,137420,42250
V-000365,UY-00255,20211203,C-0253,G-017,P-010,MP-5,2,350,130
V-000366,UY-00255,20211203,C-0253,G-017,P-001,MP-4,2,82790,20340
V-000367,UY-00256,20211205,C-0254,G-004,P-007,MP-3,28,10610,2230
V-000368,UY-00256,20211205,C-0254,G-004,P-003,MP-3,1,69210,10970
V-000369,UY-00257,20211207,C-0255,G-013,P-004,MP-1,3,338480,83580
V-000370,UY-00258,20211207,C-0256,G-002,P-006,MP-2,5,65650,14520
V-000371,UY-00259,20211212,C-0257,G-016,P-012,MP-3,2,213450,42310
V-000372,UY-00259,20211212,C-0257,G-016,P-009,MP-4,5,168420,33060
V-000373,UY-00259,20211212,C-0257,G-016,P-012,MP-1,4,261620,34300
V-000374,UY-00260,20211213,C-0258,G-015,P-008,MP-5,5,152880,27790
V-000375,UY-00261,20211214,C-0259,G-012,P-006,MP-3,9,119180,26740
V-000376,UY-00261,20211214,C-0259,G-012,P-007,MP-2,14,5260,1580
V-000377,UY-00262,20211217,C-0260,G-002,P-011,MP-5,13,3210,910
V-000378,UY-00263,20211222,C-0261,G-016,P-002,MP-5,6,640,230
V-000379,UY-00263,20211222,C-0261,G-016,P-009,MP-3,1,40990,8620
V-000380,UY-00263,20211222,C-0261,G-016,P-006,MP-4,2,45830,12360
V-000381,UY-00264,20211224,C-0262,G-010,P-009,MP-3,3,44730,11730
V-000382,UY-00265,20211225,C-0263,G-008,P-002,MP-5,12,1690,520
V-000383,UY-00266,20211228,C-0264,G-008,P-004,MP-2,2,98140,24360
V-000384,UY-00267,20211229,C-0265,G-012,P-008,MP-3,2,55240,13070
V-000385,UY-00267,20211229,C-0265,G-012,P-002,MP-3,31,2980,1140
V-000386,UY-00268,20211231,C-0266,G-014,P-001,MP-1,6,88100,27180
V-000387,UY-00268,20211231,C-0266,G-014,P-012,MP-5,2,121290,21060
V-000388,UY-00269,20211231,C-0267,G-002,P-007,MP-2,8,3030,670
V-000389,UY-00270,20220102,C-0268,G-014,P-012,MP-2,2,230610,36950
V-000390,UY-00271,20220104,C-0269,G-010,P-006,MP-2,10,197280,43770
V-000391,UY-00272,20220105,C-0270,G-007,P-011,MP-5,18,5710,1970
V-000392,UY-00272,20220105,C-0270,G-007,P-003,MP-4,1,74030,16040
V-000393,UY-00273,20220108,C-0271,G-003,P-009,MP-1,5,69380,13740
V-000394,UY-00274,20220110,C-0272,G-010,P-005,MP-5,5,57860,9460
V-000395,UY-00275,20220111,C-0273,G-014,P-002,MP-2,4,550,200
V-000396,UY-00275,20220111,C-0273,G-014,P-001,MP-1,6,32380,5980
V-000397,UY-00276,20220113,C-0274,G-014,P-010,MP-5,28,3580,1510
V-000398,UY-00277,20220114,C-0275,G-011,P-002,MP-2,3,480,200
V-000399,UY-00278,20220114,C-0276,G-012,P-007,MP-5,14,6500,1850
V-000400,UY-00278,20220114,C-0276,G-012,P-001,MP-4,5,133390,36680
V-000401,UY-00278,20220114,C-0276,G-012,P-011,MP-2,25,9920,2790
V-000402,UY-00279,20220115,C-0277,G-012,P-003,MP-5,5,395160,59010
V-000403,UY-00279,20220115,C-0277,G-012,P-007,MP-5,24,9910,3310
V-000404,UY-00280,20220115,C-0278,G-009,P-004,MP-3,4,129100,23830
V-000405,UY-00281,20220115,C-0279,G-008,P-002,MP-1,19,1250,610
V-000406,UY-00282,20220116,C-0280,G-010,P-008,MP-4,6,119590,27770
V-000407,UY-00283,20220116,C-0281,G-013,P-009,MP-5,6,126020,29840
V-000408,UY-00284,20220117,C-0282,G-016,P-012,MP-3,2,188710,33150
V-000409,UY-00285,20220118,C-0283,G-005,P-010,MP-4,15,1230,480
V-000410,UY-00285,20220118,C-0283,G-005,P-002,MP-4,16,1040,400
V-000411,UY-00285,20220118,C-0283,G-005,P-006,MP-4,2,37040,7750
V-000412,UY-00285,20220118,C-0283,G-005,P-006,MP-1,8,164070,46710
V-000413,UY-00286,20220118,C-0284,G-007,P-012,MP-1,3,204170,36800
V-000414,UY-00287,20220118,C-0285,G-002,P-006,MP-1,3,41250,9700
V-000415,UY-00288,20220119,C-0286,G-016,P-008,MP-5,2,40130,8930
V-000416,UY-00289,20220120,C-0287,G-018,P-003,MP-1,4,198840,28810
V-000417,UY-00290,20220120,C-0288,G-018,P-005,MP-2,2,47730,11110
V-000418,UY-00291,20220123,C-0289,G-014,P-001,MP-3,2,92030,17940
V-000419,UY-00292,20220125,C-0290,G-014,P-012,MP-5,3,351730,61780
V-000420,UY-00293,20220203,C-0291,G-014,P-012,MP-3,2,105520,17260
V-000421,UY-00293,20220203,C-0291,G-014,P-009,MP-4,1,30050,7110
V-000422,UY-00293,20220203,C-0291,G-014,P-012,MP-1,3,330220,41390
V-000423,UY-00294,20220204,C-0292,G-002,P-006,MP-1,4,68000,19820
V-000424,UY-00295,20220206,C-0293,G-014,P-001,MP-2,4,177300,35740
V-000425,UY-00296,20220210,C-0294,G-012,P-001,MP-4,5,77030,14730
V-000426,UY-00296,20220210,C-0294,G-012,P-006,MP-3,10,148240,34150
V-000427,UY-00297,20220211,C-0295,G-005,P-007,MP-5,8,3400,780
V-000428,UY-00297,20220211,C-0295,G-005,P-005,MP-5,5,63200,11840
V-000429,UY-00297,20220211,C-0295,G-005,P-001,MP-1,4,110760,35300
V-000430,UY-00298,20220215,C-0296,G-012,P-010,MP-1,29,4090,1260
V-000431,UY-00299,20220218,C-0297,G-003,P-004,MP-2,3,291740,66570
V-000432,UY-00300,20220219,C-0298,G-018,P-002,MP-3,29,2180,800
V-000433,UY-00301,20220222,C-0299,G-008,P-005,MP-2,2,54220,8160
V-000434,UY-00301,20220222,C-0299,G-008,P-007,MP-1,2,710,200
V-000435,UY-00302,20220223,C-0300,G-011,P-005,MP-2,1,11180,1970
V-000436,UY-00302,20220223,C-0300,G-011,P-004,MP-4,2,201890,32130
V-000437,UY-00303,20220223,C-0301,G-006,P-001,MP-2,1,30830,9550
V-000438,UY-00304,20220224,C-0302,G-009,P-008,MP-4,3,100100,20890
V-000439,UY-00304,20220224,C-0302,G-009,P-009,MP-5,5,137720,24970
V-000440,UY-00305,20220226,C-0303,G-004,P-006,MP-5,3,46710,16080
V-000441,UY-00305,20220226,C-0303,G-004,P-009,MP-1,6,179200,48210
V-000442,UY-00305,20220226,C-0303,G-004,P-004,MP-2,1,108450,20750
V-000443,UY-00306,20220228,C-0304,G-004,P-011,MP-4,1,320,90
V-000444,UY-00307,20220228,C-0305,G-001,P-010,MP-3,1,220,70
V-000445,UY-00307,20220228,C-0305,G-001,P-009,MP-4,4,123000,23870
V-000446,UY-00308,20220308,C-0306,G-007,P-003,MP-4,1,30390,6330
V-000447,UY-00308,20220308,C-0306,G-007,P-001,MP-2,3,79340,17980
V-000448,UY-00308,20220308,C-0306,G-007,P-006,MP-4,1,6970,2230
V-000449,UY-00308,20220308,C-0306,G-007,P-010,MP-1,21,3090,1260
V-000450,UY-00309,20220315,C-0307,G-015,P-009,MP-2,4,122100,23690
V-000451,UY-00310,20220316,C-0308,G-010,P-007,MP-5,8,3820,1100
V-000452,UY-00311,20220317,C-0309,G-014,P-012,MP-3,4,371680,67540
V-000453,UY-00312,20220317,C-0310,G-006,P-011,MP-5,17,8770,3100
V-000454,UY-00313,20220320,C-0311,G-005,P-010,MP-2,1,100,50
V-000455,UY-00314,20220320,C-0312,G-015,P-007,MP-2,3,1020,220
V-000456,UY-00314,20220320,C-0312,G-015,P-012,MP-1,3,177750,32210
V-000457,UY-00315,20220322,C-0313,G-007,P-010,MP-2,24,5110,2000
V-000458,UY-00316,20220323,C-0314,G-007,P-004,MP-4,1,83630,12930
V-000459,UY-00316,20220323,C-0314,G-007,P-009,MP-2,6,89230,28280
V-000460,UY-00317,20220325,C-0315,G-005,P-004,MP-5,1,100710,26440
V-000461,UY-00318,20220328,C-0316,G-002,P-012,MP-4,2,232800,30530
V-000462,UY-00319,20220328,C-0317,G-007,P-009,MP-1,4,77820,14100
V-000463,UY-00319,20220328,C-0317,G-007,P-001,MP-1,3,127330,26480
V-000464,UY-00320,20220329,C-0318,G-007,P-006,MP-4,8,63340,17440
V-000465,UY-00321,20220408,C-0319,G-011,P-010,MP-3,27,4320,2070
V-000466,UY-00322,20220411,C-0320,G-006,P-002,MP-2,13,2310,820
V-000467,UY-00322,20220411,C-0320,G-006,P-008,MP-3,6,181850,45560
V-000468,UY-00322,20220411,C-0320,G-006,P-001,MP-2,1,9300,1730
V-000469,UY-00323,20220412,C-0321,G-013,P-001,MP-4,6,149200,38950
V-000470,UY-00323,20220412,C-0321,G-013,P-012,MP-5,1,92560,13990
V-000471,UY-00324,20220415,C-0322,G-007,P-009,MP-1,4,44010,10600
V-000472,UY-00324,20220415,C-0322,G-007,P-007,MP-4,29,13460,4610
V-000473,UY-00324,20220415,C-0322,G-007,P-009,MP-4,1,15500,3120
V-000474,UY-00325,20220415,C-0323,G-014,P-011,MP-4,11,3050,1270
V-000475,UY-00325,20220415,C-0323,G-014,P-002,MP-1,25,4100,1830
V-000476,UY-00326,20220416,C-0324,G-008,P-005,MP-5,3,112300,19910
V-000477,UY-00327,20220416,C-0325,G-004,P-008,MP-1,5,87900,16000
V-000478,UY-00328,20220419,C-0326,G-017,P-006,MP-1,7,85390,19570
V-000479,UY-00329,20220419,C-0327,G-007,P-002,MP-3,19,1500,740
V-000480,UY-00330,20220419,C-0328,G-018,P-010,MP-1,17,2190,680
V-000481,UY-00331,20220421,C-0329,G-013,P-010,MP-2,13,1660,720
V-000482,UY-00332,20220423,C-0330,G-009,P-007,MP-1,2,690,160
V-000483,UY-00333,20220424,C-0331,G-018,P-012,MP-5,1,92400,14230
V-000484,UY-00333,20220424,C-0331,G-018,P-003,MP-5,2,130110,20880
V-000485,UY-00334,20220430,C-0332,G-014,P-011,MP-3,8,4390,1680
V-000486,UY-00335,20220501,C-0333,G-013,P-008,MP-2,2,63830,19590
V-000487,UY-00335,20220501,C-0333,G-013,P-003,MP-3,5,145480,23160
V-000488,UY-00336,20220506,C-0334,G-006,P-002,MP-3,19,2660,1260
V-000489,UY-00337,20220506,C-0335,G-012,P-004,MP-3,2,183860,46770
V-000490,UY-00338,20220506,C-0336,G-006,P-010,MP-2,9,1410,630
V-000491,UY-00339,20220507,C-0337,G-005,P-004,MP-3,2,165030,37680
V-000492,UY-00340,20220510,C-0338,G-004,P-005,MP-2,5,67700,10630
V-000493,UY-00341,20220513,C-0339,G-016,P-005,MP-1,5,77920,17180
V-000494,UY-00342,20220514,C-0340,G-014,P-012,MP-3,2,140940,19030
V-000495,UY-00343,20220515,C-0341,G-002,P-001,MP-5,1,48680,10520
V-000496,UY-00344,20220516,C-0342,G-017,P-005,MP-1,4,84340,13720
V-000497,UY-00344,20220516,C-0342,G-017,P-009,MP-5,5,136440,42940
V-000498,UY-00345,20220516,C-0343,G-008,P-009,MP-5,6,133930,40780
V-000499,UY-00346,20220516,C-0344,G-017,P-004,MP-2,4,333480,57740
V-000500,UY-00346,20220516,C-0344,G-017,P-005,MP-4,5,59410,10480
V-000501,UY-00347,20220517,C-0345,G-008,P-012,MP-5,4,333220,62570
V-000502,UY-00348,20220518,C-0346,G-013,P-009,MP-1,4,37020,9360
V-000503,UY-00349,20220523,C-0347,G-012,P-009,MP-5,2,56420,14260
V-000504,UY-00350,20220527,C-0348,G-010,P-011,MP-3,8,4250,1170
V-000505,UY-00350,20220527,C-0348,G-010,P-001,MP-4,1,21800,6370
V-000506,UY-00351,20220530,C-0349,G-004,P-012,MP-5,4,435780,49760
V-000507,UY-00351,20220530,C-0349,G-004,P-009,MP-2,1,39390,8540
V-000508,UY-00351,20220530,C-0349,G-004,P-005,MP-5,1,32740,5710
V-000509,UY-00352,20220604,C-0350,G-015,P-007,MP-5,18,8140,2140
V-000510,UY-00352,20220604,C-0350,G-015,P-012,MP-3,2,69570,8390
V-000511,UY-00353,20220605,C-0351,G-012,P-001,MP-4,4,223680,49330
V-000512,UY-00354,20220606,C-0352,G-018,P-011,MP-4,10,4600,1580
V-000513,UY-00354,20220606,C-0352,G-018,P-008,MP-2,6,153660,32960
V-000514,UY-00355,20220608,C-0353,G-018,P-012,MP-4,3,194130,25420
V-000515,UY-00355,20220608,C-0353,G-018,P-001,MP-3,6,222050,52220
V-000516,UY-00356,20220609,C-0354,G-016,P-004,MP-2,3,281420,74300
V-000517,UY-00357,20220610,C-0355,G-009,P-010,MP-2,21,3380,1080
V-000518,UY-00357,20220610,C-0355,G-009,P-008,MP-4,1,29830,9510
V-000519,UY-00357,20220610,C-0355,G-009,P-009,MP-5,1,16740,3720
V-000520,UY-00358,20220613,C-0356,G-012,P-012,MP-2,4,252940,25680
V-000521,UY-00358,20220613,C-0356,G-012,P-012,MP-1,1,87740,10650
V-000522,UY-00358,20220613,C-0356,G-012,P-008,MP-3,1,31600,7780
V-000523,UY-00359,20220618,C-0357,G-002,P-007,MP-5,18,7020,1740
V-000524,UY-00359,20220618,C-0357,G-002,P-005,MP-4,1,26320,6720
V-000525,UY-00360,20220619,C-0358,G-012,P-008,MP-1,5,103970,26900
V-000526,UY-00360,20220619,C-0358,G-012,P-003,MP-1,1,45470,7500
V-000527,UY-00361,20220624,C-0359,G-012,P-002,MP-1,26,1200,460
V-000528,UY-00361,20220624,C-0359,G-012,P-004,MP-2,4,423480,85000
V-000529,UY-00361,20220624,C-0359,G-012,P-008,MP-4,4,115050,22550
V-000530,UY-00362,20220627,C-0360,G-018,P-001,MP-2,4,168300,48350
V-000531,UY-00363,20220627,C-0361,G-015,P-011,MP-5,19,6920,2080
V-000532,UY-00363,20220627,C-0361,G-015,P-007,MP-4,30,13260,4080
V-000533,UY-00364,20220629,C-0362,G-003,P-006,MP-5,5,96220,25230
V-000534,UY-00364,20220629,C-0362,G-003,P-002,MP-2,32,5220,1750
V-000535,UY-00364,20220629,C-0362,G-003,P-001,MP-2,4,193920,54420
V-000536,UY-00365,20220704,C-0363,G-013,P-009,MP-3,4,167190,50530
V-000537,UY-00365,20220704,C-0363,G-013,P-009,MP-3,3,89170,21860
V-000538,UY-00366,20220705,C-0364,G-012,P-010,MP-5,9,1890,920
V-000539,UY-00367,20220713,C-0365,G-012,P-009,MP-1,2,73220,20310
V-000540,UY-00368,20220715,C-0366,G-006,P-009,MP-3,3,115260,35840
V-000541,UY-00368,20220715,C-0366,G-006,P-002,MP-3,38,6350,1940
V-000542,UY-00369,20220716,C-0367,G-007,P-006,MP-5,10,51670,15020
V-000543,UY-00370,20220716,C-0368,G-005,P-003,MP-2,1,41840,6680
V-000544,UY-00371,20220717,C-0369,G-012,P-003,MP-2,1,33550,5570
V-000545,UY-00371,20220717,C-0369,G-012,P-008,MP-2,2,55020,12740
V-000546,UY-00372,20220718,C-0370,G-009,P-001,MP-3,2,77740,20550
V-000547,UY-00373,20220722,C-0371,G-017,P-001,MP-2,5,62540,19460
V-000548,UY-00374,20220723,C-0372,G-018,P-011,MP-2,9,4670,1700
V-000549,UY-00375,20220725,C-0373,G-004,P-004,MP-3,1,64640,12820
V-000550,UY-00376,20220726,C-0374,G-008,P-012,MP-1,4,121780,13620
V-000551,UY-00377,20220728,C-0375,G-001,P-008,MP-1,6,109360,29670
V-000552,UY-00378,20220801,C-0376,G-009,P-008,MP-5,2,28650,8280
V-000553,UY-00379,20220808,C-0377,G-008,P-002,MP-2,12,1810,870
V-000554,UY-00380,20220809,C-0378,G-002,P-004,MP-5,1,112750,18660
V-000555,UY-00381,20220810,C-0379,G-001,P-004,MP-3,4,231550,48250
V-000556,UY-00381,20220810,C-0379,G-001,P-010,MP-1,5,500,200
V-000557,UY-00382,20220811,C-0380,G-014,P-002,MP-3,12,440,180
V-000558,UY-00383,20220811,C-0381,G-015,P-008,MP-2,5,132060,39610
V-000559,UY-00383,20220811,C-0381,G-015,P-005,MP-1,1,27430,6230
V-000560,UY-00384,20220811,C-0382,G-004,P-007,MP-4,30,9810,2640
V-000561,UY-00384,20220811,C-0382,G-004,P-007,MP-4,24,6890,1480
V-000562,UY-00385,20220812,C-0383,G-008,P-008,MP-2,6,85010,22230
V-000563,UY-00385,20220812,C-0383,G-008,P-005,MP-1,5,127490,32170
V-000564,UY-00386,20220812,C-0384,G-004,P-012,MP-4,4,129760,13720
V-000565,UY-00387,20220817,C-0385,G-011,P-008,MP-4,5,43390,9010
V-000566,UY-00387,20220817,C-0385,G-011,P-010,MP-2,8,910,330
V-000567,UY-00387,20220817,C-0385,G-011,P-009,MP-5,4,119050,31890
V-000568,UY-00388,20220819,C-0386,G-016,P-005,MP-2,5,66320,10060
V-000569,UY-00389,20220820,C-0387,G-016,P-008,MP-3,2,39030,9000
V-000570,UY-00389,20220820,C-0387,G-016,P-010,MP-3,25,5020,2060
V-000571,UY-00390,20220821,C-0388,G-002,P-003,MP-5,3,120010,22950
V-000572,UY-00391,20220821,C-0389,G-016,P-011,MP-5,17,2890,890
V-000573,UY-00391,20220821,C-0389,G-016,P-009,MP-5,1,32910,8050
V-000574,UY-00392,20220822,C-0390,G-004,P-007,MP-3,27,9770,2830
V-000575,UY-00393,20220823,C-0391,G-003,P-007,MP-3,2,780,210
V-000576,UY-00393,20220823,C-0391,G-003,P-011,MP-5,10,3190,1170
V-000577,UY-00394,20220823,C-0392,G-006,P-004,MP-5,3,182230,49870
V-000578,UY-00395,20220825,C-0393,G-011,P-003,MP-4,2,98710,14700
V-000579,UY-00396,20220828,C-0394,G-015,P-006,MP-1,7,64030,21320
V-000580,UY-00397,20220828,C-0395,G-005,P-004,MP-2,3,122540,25880
V-000581,UY-00398,20220829,C-0396,G-017,P-011,MP-4,21,8920,3100
V-000582,UY-00398,20220829,C-0396,G-017,P-002,MP-1,39,1520,540
V-000583,UY-00399,20220830,C-0397,G-018,P-001,MP-5,1,6320,1870
V-000584,UY-00400,20220830,C-0398,G-013,P-002,MP-1,12,2120,1000
V-000585,UY-00401,20220903,C-0399,G-007,P-003,MP-2,4,73830,11890
V-000586,UY-00402,20220912,C-0400,G-016,P-012,MP-2,1,102520,18310
V-000587,UY-00403,20220916,C-0401,G-017,P-010,MP-4,2,230,110
V-000588,UY-00404,20220916,C-0402,G-001,P-004,MP-3,4,385330,72980
V-000589,UY-00405,20220919,C-0403,G-006,P-009,MP-3,1,12410,3770
V-000590,UY-00406,20220922,C-0404,G-001,P-002,MP-2,20,2640,860
V-000591,UY-00407,20220922,C-0405,G-004,P-001,MP-1,3,89580,19220
V-000592,UY-00407,20220922,C-0405,G-004,P-009,MP-1,3,111680,30110
V-000593,UY-00408,20220929,C-0406,G-002,P-007,MP-5,28,11230,3600
V-000594,UY-00409,20221004,C-0407,G-018,P-006,MP-3,2,16370,4440
V-000595,UY-00410,20221006,C-0408,G-005,P-003,MP-4,3,208880,45690
V-000596,UY-00411,20221007,C-0409,G-016,P-010,MP-5,3,640,260
V-000597,UY-00412,20221007,C-0410,G-004,P-009,MP-1,6,120560,28430
V-000598,UY-00412,20221007,C-0410,G-004,P-004,MP-3,2,200290,44520
V-000599,UY-00413,20221007,C-0411,G-015,P-002,MP-5,13,1420,690
V-000600,UY-00413,20221007,C-0411,G-015,P-002,MP-2,4,140,50
V-000601,UY-00414,20221008,C-0412,G-014,P-003,MP-2,1,65360,12120
V-000602,UY-00414,20221008,C-0412,G-014,P-006,MP-1,3,11700,3920
V-000603,UY-00414,20221008,C-0412,G-014,P-004,MP-1,4,280470,76210
V-000604,UY-00414,20221008,C-0412,G-014,P-012,MP-5,2,94490,9460
V-000605,UY-00415,20221012,C-0366,G-017,P-003,MP-3,2,61240,13200
V-000606,UY-00415,20221012,C-0366,G-017,P-002,MP-3,31,2600,810
V-000607,UY-00416,20221012,C-0413,G-016,P-007,MP-4,22,7900,2670
V-000608,UY-00416,20221012,C-0413,G-016,P-001,MP-1,6,224750,62980
V-000609,UY-00417,20221019,C-0414,G-010,P-005,MP-2,5,141080,36600
V-000610,UY-00418,20221020,C-0415,G-007,P-010,MP-2,11,2340,750
V-000611,UY-00419,20221020,C-0416,G-018,P-005,MP-5,4,76410,12820
V-000612,UY-00419,20221020,C-0416,G-018,P-007,MP-5,12,4990,1740
V-000613,UY-00420,20221021,C-0417,G-018,P-002,MP-4,23,1470,600
V-000614,UY-00420,20221021,C-0417,G-018,P-004,MP-4,4,403760,75470
V-000615,UY-00420,20221021,C-0417,G-018,P-006,MP-4,10,110110,37080
V-000616,UY-00421,20221022,C-0418,G-009,P-012,MP-2,2,94300,12520
V-000617,UY-00422,20221022,C-0419,G-013,P-005,MP-3,1,33110,8910
V-000618,UY-00423,20221030,C-0420,G-010,P-011,MP-5,5,1360,340
V-000619,UY-00424,20221030,C-0421,G-015,P-002,MP-1,36,5220,2190
V-000620,UY-00425,20221031,C-0422,G-017,P-010,MP-5,21,2600,1160
V-000621,UY-00426,20221031,C-0423,G-001,P-008,MP-1,1,7280,1400
V-000622,UY-00427,20221103,C-0424,G-014,P-005,MP-1,3,72460,11340
V-000623,UY-00428,20221107,C-0425,G-005,P-003,MP-2,3,70140,13210
V-000624,UY-00429,20221112,C-0426,G-001,P-008,MP-3,4,120340,32050
V-000625,UY-00429,20221112,C-0426,G-001,P-002,MP-3,2,270,90
V-000626,UY-00430,20221113,C-0427,G-014,P-001,MP-3,6,78190,15420
V-000627,UY-00431,20221116,C-0428,G-015,P-002,MP-1,22,3920,1210
V-000628,UY-00432,20221118,C-0429,G-011,P-012,MP-3,4,428290,50180
V-000629,UY-00432,20221118,C-0429,G-011,P-009,MP-2,3,76250,19560
V-000630,UY-00433,20221120,C-0430,G-001,P-006,MP-4,8,144550,49240
V-000631,UY-00434,20221123,C-0431,G-001,P-010,MP-5,23,3100,1150
V-000632,UY-00435,20221203,C-0432,G-001,P-007,MP-4,3,1350,410
V-000633,UY-00436,20221205,C-0433,G-009,P-003,MP-2,5,334220,34100
V-000634,UY-00436,20221205,C-0433,G-009,P-003,MP-2,4,175460,21250
V-000635,UY-00437,20221205,C-0434,G-005,P-001,MP-1,3,76830,19450
V-000636,UY-00437,20221205,C-0434,G-005,P-002,MP-5,25,3080,1530
V-000637,UY-00438,20221207,C-0435,G-003,P-009,MP-2,5,120630,28340
V-000638,UY-00438,20221207,C-0435,G-003,P-004,MP-2,3,249100,52480
V-000639,UY-00438,20221207,C-0435,G-003,P-004,MP-4,2,158370,31280
V-000640,UY-00438,20221207,C-0435,G-003,P-003,MP-4,3,53900,7210
V-000641,UY-00439,20221208,C-0436,G-013,P-004,MP-5,1,53660,9080
V-000642,UY-00440,20221208,C-0437,G-012,P-010,MP-2,14,1900,680
V-000643,UY-00440,20221208,C-0437,G-012,P-011,MP-4,21,9560,4010
V-000644,UY-00441,20221208,C-0438,G-018,P-012,MP-2,2,70780,11460
V-000645,UY-00442,20221208,C-0439,G-010,P-003,MP-4,5,118340,16930
V-000646,UY-00442,20221208,C-0439,G-010,P-006,MP-4,6,42570,11350
V-000647,UY-00442,20221208,C-0439,G-010,P-010,MP-1,20,3520,1730
V-000648,UY-00442,20221208,C-0439,G-010,P-001,MP-2,1,44350,13980
V-000649,UY-00443,20221212,C-0440,G-001,P-003,MP-4,4,282840,55300
V-000650,UY-00444,20221212,C-0441,G-018,P-010,MP-4,20,1720,820
V-000651,UY-00445,20221215,C-0442,G-014,P-003,MP-3,2,122910,22740
V-000652,UY-00446,20221216,C-0443,G-012,P-008,MP-4,2,26100,6560
V-000653,UY-00447,20221217,C-0444,G-017,P-012,MP-4,3,150040,18020
V-000654,UY-00447,20221217,C-0444,G-017,P-001,MP-3,1,41580,12090
V-000655,UY-00448,20221220,C-0445,G-013,P-009,MP-5,5,50850,13890
V-000656,UY-00449,20221221,C-0446,G-014,P-010,MP-3,10,1050,450
V-000657,UY-00449,20221221,C-0446,G-014,P-005,MP-1,1,27140,6410
V-000658,UY-00450,20221222,C-0447,G-013,P-004,MP-4,3,291110,67020
V-000659,UY-00451,20221223,C-0448,G-014,P-004,MP-1,2,91770,16450
V-000660,UY-00452,20221223,C-0449,G-012,P-009,MP-2,5,177430,43470
V-000661,UY-00452,20221223,C-0449,G-012,P-004,MP-4,3,108550,21420
V-000662,UY-00453,20221223,C-0450,G-017,P-004,MP-3,1,47920,10570
V-000663,UY-00453,20221223,C-0450,G-017,P-010,MP-1,19,3380,1640
V-000664,UY-00454,20221225,C-0451,G-006,P-008,MP-5,6,145390,27330
V-000665,UY-00454,20221225,C-0451,G-006,P-007,MP-5,24,6980,1670
V-000666,UY-00454,20221225,C-0451,G-006,P-011,MP-2,18,6980,2280
V-000667,UY-00455,20221225,C-0452,G-008,P-001,MP-4,2,48430,12030
V-000668,UY-00455,20221225,C-0452,G-008,P-004,MP-2,3,165080,39670
V-000669,UY-00455,20221225,C-0452,G-008,P-012,MP-2,3,74590,12520
V-000670,UY-00456,20221226,C-0453,G-009,P-011,MP-2,10,5340,2060
V-000671,UY-00457,20221227,C-0454,G-015,P-010,MP-3,11,1310,550
V-000672,UY-00457,20221227,C-0454,G-015,P-007,MP-1,14,3990,1140
V-000673,UY-00457,20221227,C-0454,G-015,P-002,MP-3,1,120,50
V-000674,UY-00458,20221227,C-0455,G-017,P-006,MP-1,3,62020,15990
V-000675,UY-00458,20221227,C-0455,G-017,P-007,MP-4,3,1000,300
V-000676,UY-00459,20221228,C-0456,G-001,P-001,MP-3,6,279520,64190
V-000677,UY-00460,20230106,C-0457,G-018,P-005,MP-5,1,5820,1340
V-000678,UY-00461,20230111,C-0458,G-011,P-007,MP-1,4,1640,550
V-000679,UY-00461,20230111,C-0458,G-011,P-002,MP-2,5,380,140
V-000680,UY-00462,20230112,C-0459,G-012,P-005,MP-3,3,71330,11790
V-000681,UY-00462,20230112,C-0459,G-012,P-003,MP-1,2,52470,6980
V-000682,UY-00463,20230117,C-0460,G-008,P-012,MP-1,3,171800,34120
V-000683,UY-00464,20230118,C-0461,G-008,P-009,MP-4,3,72200,20990
V-000684,UY-00465,20230118,C-0462,G-015,P-009,MP-5,1,30170,7880
V-000685,UY-00466,20230120,C-0463,G-003,P-010,MP-1,13,1620,580
V-000686,UY-00467,20230122,C-0464,G-003,P-001,MP-4,5,147240,41890
V-000687,UY-00467,20230122,C-0464,G-003,P-012,MP-5,1,116280,15030
V-000688,UY-00468,20230123,C-0465,G-015,P-012,MP-2,4,132430,26390
V-000689,UY-00469,20230126,C-0466,G-014,P-004,MP-3,3,133240,35080
V-000690,UY-00470,20230128,C-0467,G-013,P-005,MP-4,5,156860,38630
V-000691,UY-00470,20230128,C-0467,G-013,P-004,MP-1,3,330020,59000
V-000692,UY-00471,20230129,C-0468,G-009,P-009,MP-5,3,89840,24010
V-000693,UY-00472,20230202,C-0469,G-010,P-003,MP-4,5,69220,9430
V-000694,UY-00473,20230203,C-0155,G-015,P-011,MP-5,10,2630,670
V-000695,UY-00474,20230203,C-0470,G-008,P-009,MP-3,5,66380,16070
V-000696,UY-00474,20230203,C-0470,G-008,P-006,MP-1,8,181580,42680
V-000697,UY-00475,20230217,C-0471,G-003,P-011,MP-4,17,4320,1660
V-000698,UY-00475,20230217,C-0471,G-003,P-010,MP-2,14,1440,490
V-000699,UY-00476,20230223,C-0472,G-007,P-008,MP-5,3,35140,9990
V-000700,UY-00476,20230223,C-0472,G-007,P-006,MP-4,2,38590,8240
V-000701,UY-00477,20230228,C-0473,G-002,P-007,MP-3,14,4280,1010
V-000702,UY-00477,20230228,C-0473,G-002,P-011,MP-4,21,4580,1890
V-000703,UY-00478,20230228,C-0474,G-018,P-011,MP-2,24,4440,1860
V-000704,UY-00478,20230228,C-0474,G-018,P-002,MP-2,26,1270,430
V-000705,UY-00478,20230228,C-0474,G-018,P-006,MP-2,9,200200,61900
V-000706,UY-00479,20230301,C-0475,G-007,P-003,MP-1,4,96510,17730
V-000707,UY-00479,20230301,C-0475,G-007,P-008,MP-5,5,113300,25120
V-000708,UY-00479,20230301,C-0475,G-007,P-012,MP-3,3,258680,39250
V-000709,UY-00480,20230304,C-0476,G-006,P-004,MP-5,2,170400,32800
V-000710,UY-00481,20230309,C-0477,G-005,P-003,MP-4,1,72770,11570
V-000711,UY-00482,20230310,C-0478,G-013,P-003,MP-1,2,139590,21020
V-000712,UY-00482,20230310,C-0478,G-013,P-010,MP-2,26,3610,1580
V-000713,UY-00483,20230310,C-0479,G-009,P-001,MP-1,5,111280,35360
V-000714,UY-00484,20230314,C-0480,G-009,P-002,MP-1,9,830,330
V-000715,UY-00485,20230316,C-0481,G-018,P-001,MP-5,1,30440,7150
V-000716,UY-00486,20230318,C-0482,G-004,P-005,MP-2,5,35360,5700
V-000717,UY-00487,20230321,C-0483,G-016,P-005,MP-1,4,135930,35680
V-000718,UY-00488,20230321,C-0484,G-002,P-003,MP-2,3,189910,37170
V-000719,UY-00489,20230321,C-0485,G-014,P-011,MP-1,12,4600,1470
V-000720,UY-00490,20230321,C-0486,G-006,P-012,MP-5,3,186150,22240
V-000721,UY-00490,20230321,C-0486,G-006,P-004,MP-2,2,128950,24460
V-000722,UY-00490,20230321,C-0486,G-006,P-001,MP-5,6,116700,26480
V-000723,UY-00491,20230401,C-0487,G-015,P-006,MP-3,3,34260,11680
V-000724,UY-00492,20230402,C-0488,G-016,P-010,MP-3,5,640,320
V-000725,UY-00493,20230405,C-0489,G-003,P-009,MP-1,6,216540,58590
V-000726,UY-00493,20230405,C-0489,G-003,P-009,MP-4,3,101590,21090
V-000727,UY-00493,20230405,C-0489,G-003,P-007,MP-4,4,1470,320
V-000728,UY-00494,20230406,C-0490,G-011,P-004,MP-5,2,141470,28710
V-000729,UY-00494,20230406,C-0490,G-011,P-002,MP-1,37,2040,830
V-000730,UY-00494,20230406,C-0490,G-011,P-003,MP-2,5,289500,53990
V-000731,UY-00494,20230406,C-0490,G-011,P-007,MP-1,5,1850,520
V-000732,UY-00495,20230407,C-0491,G-009,P-010,MP-5,5,1040,320
V-000733,UY-00496,20230409,C-0492,G-003,P-002,MP-5,38,6730,2470
V-000734,UY-00497,20230417,C-0493,G-003,P-004,MP-1,1,88050,14370
V-000735,UY-00497,20230417,C-0493,G-003,P-003,MP-5,4,261500,40620
V-000736,UY-00497,20230417,C-0493,G-003,P-009,MP-1,1,23620,6620
V-000737,UY-00497,20230417,C-0493,G-003,P-005,MP-2,2,61310,15420
V-000738,UY-00498,20230417,C-0494,G-005,P-005,MP-5,3,91160,20020
V-000739,UY-00499,20230417,C-0495,G-009,P-008,MP-5,3,18460,5070
V-000740,UY-00500,20230419,C-0496,G-004,P-001,MP-5,6,51560,15040
V-000741,UY-00501,20230424,C-0497,G-007,P-008,MP-5,1,18890,4710
V-000742,UY-00502,20230425,C-0498,G-014,P-005,MP-1,2,41920,6850
V-000743,UY-00503,20230428,C-0499,G-004,P-009,MP-3,2,48830,10490
V-000744,UY-00503,20230428,C-0499,G-004,P-006,MP-1,10,122520,38190
V-000745,UY-00504,20230428,C-0500,G-006,P-006,MP-1,9,156420,47680
V-000746,UY-00505,20230503,C-0501,G-006,P-007,MP-1,10,3270,850
V-000747,UY-00506,20230503,C-0502,G-010,P-001,MP-2,3,93760,20730
V-000748,UY-00507,20230504,C-0503,G-007,P-008,MP-4,3,30680,8830
V-000749,UY-00507,20230504,C-0503,G-007,P-003,MP-1,1,50620,6740
V-000750,UY-00508,20230504,C-0504,G-007,P-006,MP-2,5,52220,15740
V-000751,UY-00509,20230504,C-0505,G-002,P-012,MP-2,3,222010,38300
V-000752,UY-00510,20230508,C-0506,G-015,P-008,MP-5,1,29880,6130
V-000753,UY-00511,20230510,C-0507,G-016,P-012,MP-2,2,110320,14140
V-000754,UY-00512,20230514,C-0508,G-013,P-011,MP-5,19,9580,4300
V-000755,UY-00513,20230519,C-0509,G-007,P-005,MP-3,4,33470,5160
V-000756,UY-00513,20230519,C-0509,G-007,P-003,MP-1,2,46350,9100
V-000757,UY-00514,20230524,C-0510,G-015,P-008,MP-3,6,58370,15370
V-000758,UY-00515,20230524,C-0511,G-009,P-005,MP-3,2,41170,8080
V-000759,UY-00516,20230527,C-0512,G-014,P-009,MP-3,4,164960,49650
V-000760,UY-00516,20230527,C-0512,G-014,P-005,MP-4,2,31710,5540
V-000761,UY-00517,20230529,C-0513,G-017,P-011,MP-1,1,500,140
V-000762,UY-00518,20230531,C-0514,G-003,P-012,MP-2,4,327270,53170
V-000763,UY-00519,20230601,C-0515,G-003,P-005,MP-3,5,145000,23060
V-000764,UY-00520,20230604,C-0516,G-015,P-006,MP-5,4,59450,18990
V-000765,UY-00520,20230604,C-0516,G-015,P-008,MP-1,4,84740,16040
V-000766,UY-00520,20230604,C-0516,G-015,P-011,MP-1,11,5460,2060
V-000767,UY-00521,20230605,C-0517,G-002,P-005,MP-3,4,67220,14030
V-000768,UY-00522,20230607,C-0518,G-012,P-010,MP-4,6,500,250
V-000769,UY-00523,20230608,C-0519,G-017,P-012,MP-1,2,151880,26080
V-000770,UY-00524,20230608,C-0520,G-017,P-004,MP-4,3,251010,40280
V-000771,UY-00524,20230608,C-0520,G-017,P-001,MP-1,2,112610,21260
V-000772,UY-00525,20230608,C-0521,G-015,P-008,MP-2,2,50250,10450
V-000773,UY-00526,20230615,C-0522,G-006,P-003,MP-1,3,142990,19820
V-000774,UY-00527,20230622,C-0523,G-009,P-012,MP-2,2,111520,20260
V-000775,UY-00528,20230625,C-0524,G-001,P-004,MP-3,1,58580,9570
V-000776,UY-00529,20230625,C-0525,G-012,P-012,MP-1,4,332360,50980
V-000777,UY-00530,20230626,C-0526,G-011,P-005,MP-4,3,69260,12800
V-000778,UY-00530,20230626,C-0526,G-011,P-003,MP-1,3,171460,21700
V-000779,UY-00531,20230627,C-0527,G-005,P-001,MP-4,6,326020,96290
V-000780,UY-00531,20230627,C-0527,G-005,P-005,MP-4,2,58460,8960
V-000781,UY-00532,20230702,C-0528,G-012,P-007,MP-3,27,8290,2030
V-000782,UY-00533,20230703,C-0529,G-016,P-008,MP-2,4,134400,40340
V-000783,UY-00533,20230703,C-0529,G-016,P-003,MP-2,4,337550,68690
V-000784,UY-00534,20230705,C-0530,G-018,P-005,MP-2,3,104910,27220
V-000785,UY-00534,20230705,C-0530,G-018,P-009,MP-3,3,24470,5310
V-000786,UY-00535,20230707,C-0531,G-010,P-008,MP-4,3,69620,15800
V-000787,UY-00536,20230710,C-0532,G-002,P-003,MP-1,4,232610,46480
V-000788,UY-00536,20230710,C-0532,G-002,P-010,MP-2,5,540,180
V-000789,UY-00537,20230713,C-0533,G-016,P-009,MP-4,3,86920,21280
V-000790,UY-00537,20230713,C-0533,G-016,P-011,MP-2,24,8980,3940
V-000791,UY-00537,20230713,C-0533,G-016,P-001,MP-1,6,97210,27430
V-000792,UY-00537,20230713,C-0533,G-016,P-004,MP-2,3,90280,16720
V-000793,UY-00538,20230714,C-0534,G-012,P-004,MP-1,2,79980,12020
V-000794,UY-00539,20230715,C-0535,G-012,P-001,MP-1,5,131960,28850
V-000795,UY-00539,20230715,C-0535,G-012,P-009,MP-1,1,14860,3330
V-000796,UY-00540,20230716,C-0536,G-013,P-006,MP-2,4,50160,15480
V-000797,UY-00540,20230716,C-0536,G-013,P-010,MP-5,1,70,20
V-000798,UY-00540,20230716,C-0536,G-013,P-010,MP-2,27,2240,1060
V-000799,UY-00541,20230716,C-0537,G-005,P-002,MP-1,26,1140,470
V-000800,UY-00542,20230717,C-0538,G-017,P-002,MP-4,9,990,470
V-000801,UY-00543,20230718,C-0539,G-008,P-004,MP-4,4,363600,78790
V-000802,UY-00544,20230718,C-0540,G-003,P-005,MP-1,1,36600,6520
V-000803,UY-00544,20230718,C-0540,G-003,P-009,MP-5,3,89390,20230
V-000804,UY-00545,20230720,C-0541,G-009,P-010,MP-2,2,320,120
V-000805,UY-00546,20230722,C-0542,G-017,P-006,MP-1,5,118000,28680
V-000806,UY-00547,20230725,C-0543,G-014,P-001,MP-2,3,84540,19150
V-000807,UY-00548,20230728,C-0544,G-002,P-003,MP-5,2,130450,22740
V-000808,UY-00549,20230730,C-0545,G-004,P-005,MP-4,3,97700,17160
V-000809,UY-00549,20230730,C-0545,G-004,P-005,MP-1,4,44170,9570
V-000810,UY-00549,20230730,C-0545,G-004,P-007,MP-4,14,5280,1620
V-000811,UY-00550,20230804,C-0546,G-002,P-002,MP-2,31,2790,1310
V-000812,UY-00551,20230804,C-0547,G-001,P-005,MP-1,5,182330,43210
V-000813,UY-00552,20230812,C-0548,G-006,P-005,MP-4,4,132300,22550
V-000814,UY-00553,20230813,C-0549,G-015,P-004,MP-3,3,253340,46380
V-000815,UY-00554,20230817,C-0550,G-009,P-009,MP-3,2,53580,10540
V-000816,UY-00554,20230817,C-0550,G-009,P-001,MP-1,3,73870,13500
V-000817,UY-00555,20230819,C-0551,G-002,P-004,MP-1,3,175020,43270
V-000818,UY-00556,20230820,C-0552,G-011,P-002,MP-4,32,5150,1680
V-000819,UY-00557,20230821,C-0553,G-011,P-003,MP-4,4,69820,14010
V-000820,UY-00557,20230821,C-0553,G-011,P-011,MP-5,1,380,110
V-000821,UY-00558,20230821,C-0554,G-013,P-002,MP-3,11,1960,770
V-000822,UY-00559,20230821,C-0555,G-008,P-004,MP-5,1,57320,12620
V-000823,UY-00560,20230823,C-0556,G-003,P-003,MP-4,2,167520,29920
V-000824,UY-00561,20230831,C-0557,G-014,P-001,MP-1,4,231770,63990
V-000825,UY-00562,20230901,C-0558,G-012,P-010,MP-5,8,1510,670
V-000826,UY-00563,20230904,C-0559,G-001,P-009,MP-1,5,98360,27650
V-000827,UY-00564,20230907,C-0560,G-018,P-009,MP-3,1,22900,7160
V-000828,UY-00565,20230910,C-0561,G-012,P-007,MP-1,18,7330,1760
V-000829,UY-00566,20230913,C-0562,G-014,P-002,MP-4,18,1580,640
V-000830,UY-00566,20230913,C-0562,G-014,P-012,MP-2,3,148750,18560
V-000831,UY-00566,20230913,C-0562,G-014,P-009,MP-4,2,27430,6330
V-000832,UY-00567,20230914,C-0563,G-015,P-010,MP-4,24,3190,1240
V-000833,UY-00567,20230914,C-0563,G-015,P-009,MP-3,1,27120,6600
V-000834,UY-00568,20230917,C-0564,G-010,P-003,MP-5,2,65970,6700
V-000835,UY-00568,20230917,C-0564,G-010,P-010,MP-3,30,6480,2320
V-000836,UY-00568,20230917,C-0564,G-010,P-005,MP-4,3,49310,9690
V-000837,UY-00569,20230918,C-0565,G-008,P-010,MP-2,2,270,130
V-000838,UY-00569,20230918,C-0565,G-008,P-001,MP-3,6,103660,21360
V-000839,UY-00570,20230920,C-0566,G-010,P-002,MP-1,17,970,360
V-000840,UY-00570,20230920,C-0566,G-010,P-008,MP-3,2,53020,14460
V-000841,UY-00571,20230920,C-0567,G-007,P-005,MP-3,4,59440,14790
V-000842,UY-00572,20230923,C-0568,G-014,P-001,MP-1,5,207990,37950
V-000843,UY-00573,20230927,C-0569,G-004,P-005,MP-2,2,62270,13500
V-000844,UY-00573,20230927,C-0569,G-004,P-012,MP-4,3,335490,46510
V-000845,UY-00573,20230927,C-0569,G-004,P-005,MP-1,3,93210,24170
V-000846,UY-00574,20230930,C-0570,G-003,P-003,MP-1,1,15200,2010
V-000847,UY-00574,20230930,C-0570,G-003,P-005,MP-4,2,71120,19850
V-000848,UY-00575,20231005,C-0571,G-004,P-010,MP-1,7,1460,450
V-000849,UY-00575,20231005,C-0571,G-004,P-005,MP-1,3,46390,10880
V-000850,UY-00576,20231005,C-0572,G-017,P-006,MP-3,2,14420,4700
V-000851,UY-00576,20231005,C-0572,G-017,P-001,MP-4,2,115680,32230
V-000852,UY-00577,20231007,C-0573,G-018,P-006,MP-5,2,40230,13370
V-000853,UY-00578,20231011,C-0574,G-017,P-003,MP-4,2,106960,20080
V-000854,UY-00579,20231013,C-0575,G-017,P-004,MP-3,4,128230,23480
V-000855,UY-00579,20231013,C-0575,G-017,P-001,MP-5,1,14500,3800
V-000856,UY-00580,20231017,C-0576,G-016,P-003,MP-3,3,101080,15920
V-000857,UY-00581,20231017,C-0577,G-011,P-011,MP-4,20,4980,1710
V-000858,UY-00582,20231018,C-0578,G-001,P-008,MP-3,3,33150,8230
V-000859,UY-00582,20231018,C-0578,G-001,P-012,MP-2,2,71560,10060
V-000860,UY-00582,20231018,C-0578,G-001,P-012,MP-1,1,89690,11620
V-000861,UY-00583,20231018,C-0579,G-013,P-002,MP-2,11,1830,640
V-000862,UY-00584,20231020,C-0580,G-012,P-011,MP-3,20,3440,940
V-000863,UY-00585,20231024,C-0581,G-017,P-009,MP-2,2,51380,13040
V-000864,UY-00585,20231024,C-0581,G-017,P-004,MP-4,2,179080,32450
V-000865,UY-00586,20231025,C-0582,G-011,P-007,MP-3,12,5150,1420
V-000866,UY-00587,20231027,C-0583,G-006,P-004,MP-1,3,289960,80140
V-000867,UY-00587,20231027,C-0583,G-006,P-006,MP-1,9,113600,30050
V-000868,UY-00587,20231027,C-0583,G-006,P-012,MP-5,2,178850,25320
V-000869,UY-00587,20231027,C-0583,G-006,P-003,MP-2,2,94970,20340
V-000870,UY-00588,20231028,C-0584,G-006,P-006,MP-2,1,10560,2440
V-000871,UY-00588,20231028,C-0584,G-006,P-002,MP-4,27,3640,1520
V-000872,UY-00589,20231029,C-0585,G-014,P-001,MP-5,2,18890,5880
V-000873,UY-00590,20231102,C-0586,G-015,P-002,MP-3,17,2700,1130
V-000874,UY-00591,20231104,C-0587,G-018,P-006,MP-3,1,9740,3250
V-000875,UY-00592,20231105,C-0588,G-012,P-002,MP-1,5,720,270
V-000876,UY-00593,20231106,C-0589,G-010,P-010,MP-5,27,4640,2270
V-000877,UY-00594,20231107,C-0590,G-004,P-003,MP-4,5,126640,25240
V-000878,UY-00594,20231107,C-0590,G-004,P-004,MP-2,1,110740,17070
V-000879,UY-00595,20231109,C-0591,G-018,P-002,MP-4,19,2740,860
V-000880,UY-00595,20231109,C-0591,G-018,P-007,MP-5,29,9630,1940
V-000881,UY-00596,20231112,C-0592,G-002,P-006,MP-4,4,33700,7770
V-000882,UY-00597,20231112,C-0593,G-013,P-010,MP-5,1,150,60
V-000883,UY-00598,20231118,C-0594,G-011,P-008,MP-5,1,16280,4980
V-000884,UY-00599,20231124,C-0595,G-003,P-007,MP-1,21,7290,1860
V-000885,UY-00600,20231125,C-0596,G-018,P-006,MP-3,9,89860,28710
V-000886,UY-00601,20231128,C-0597,G-010,P-001,MP-2,2,107380,32060
V-000887,UY-00602,20231128,C-0598,G-014,P-009,MP-5,6,236720,63150
V-000888,UY-00603,20231129,C-0599,G-009,P-009,MP-4,3,33240,10180
V-000889,UY-00604,20231130,C-0600,G-004,P-010,MP-1,29,5190,1920
V-000890,UY-00605,20231204,C-0601,G-016,P-009,MP-4,1,37280,11240
V-000891,UY-00605,20231204,C-0601,G-016,P-003,MP-5,4,60230,7700
V-000892,UY-00606,20231207,C-0602,G-014,P-012,MP-3,3,268670,35150
V-000893,UY-00606,20231207,C-0602,G-014,P-005,MP-2,5,49970,9720
V-000894,UY-00607,20231208,C-0603,G-010,P-001,MP-2,2,5730,1070
V-000895,UY-00608,20231209,C-0604,G-009,P-004,MP-5,2,90930,25340
V-000896,UY-00609,20231213,C-0605,G-005,P-001,MP-4,2,26190,6390
V-000897,UY-00609,20231213,C-0605,G-005,P-012,MP-5,4,283180,28510
V-000898,UY-00610,20231214,C-0606,G-010,P-006,MP-1,3,64530,20860
V-000899,UY-00611,20231214,C-0607,G-004,P-002,MP-5,4,500,240
V-000900,UY-00611,20231214,C-0607,G-004,P-007,MP-5,26,7310,1620
V-000901,UY-00612,20231216,C-0608,G-017,P-008,MP-5,4,109640,28260
V-000902,UY-00613,20231221,C-0609,G-016,P-009,MP-4,5,70100,15630
V-000903,UY-00614,20231224,C-0610,G-015,P-005,MP-2,2,52080,9440
V-000904,UY-00614,20231224,C-0610,G-015,P-004,MP-1,2,226320,39120
V-000905,UY-00614,20231224,C-0610,G-015,P-009,MP-1,6,52960,16110
V-000906,UY-00614,20231224,C-0610,G-015,P-003,MP-5,2,145010,26560
V-000907,UY-00615,20231227,C-0611,G-011,P-004,MP-3,2,190270,35490
V-000908,UY-00616,20231228,C-0612,G-017,P-001,MP-5,3,59960,18890
V-000909,UY-00616,20231228,C-0612,G-017,P-008,MP-1,3,30400,7940
V-000910,UY-00617,20231228,C-0613,G-012,P-005,MP-1,5,176410,33290
V-000911,UY-00618,20240105,C-0614,G-005,P-007,MP-1,25,8080,1750
V-000912,UY-00619,20240110,C-0615,G-015,P-012,MP-3,3,89290,16130
V-000913,UY-00620,20240113,C-0616,G-011,P-003,MP-4,5,156560,33980
V-000914,UY-00620,20240113,C-0616,G-011,P-010,MP-3,22,3500,1730
V-000915,UY-00621,20240117,C-0617,G-011,P-007,MP-2,9,3220,900
V-000916,UY-00622,20240119,C-0618,G-016,P-006,MP-1,3,17860,3800
V-000917,UY-00622,20240119,C-0618,G-016,P-007,MP-4,14,5330,1640
V-000918,UY-00623,20240122,C-0619,G-008,P-007,MP-1,24,7370,1490
V-000919,UY-00623,20240122,C-0619,G-008,P-002,MP-3,38,5510,1920
V-000920,UY-00623,20240122,C-0619,G-008,P-010,MP-3,9,1370,640
V-000921,UY-00624,20240123,C-0620,G-016,P-007,MP-4,27,10800,3350
V-000922,UY-00625,20240124,C-0621,G-014,P-005,MP-2,2,68530,14400
V-000923,UY-00626,20240128,C-0622,G-005,P-002,MP-2,34,5950,2210
V-000924,UY-00626,20240128,C-0622,G-005,P-011,MP-3,21,4910,2000
V-000925,UY-00627,20240201,C-0623,G-015,P-011,MP-1,12,2810,1210
V-000926,UY-00627,20240201,C-0623,G-015,P-011,MP-5,10,1670,670
V-000927,UY-00628,20240202,C-0624,G-008,P-006,MP-1,7,135900,33930
V-000928,UY-00629,20240207,C-0625,G-005,P-005,MP-2,3,23710,5420
V-000929,UY-00630,20240207,C-0626,G-006,P-012,MP-4,3,242920,26980
V-000930,UY-00631,20240210,C-0627,G-008,P-004,MP-4,4,248560,68520
V-000931,UY-00632,20240211,C-0628,G-018,P-002,MP-3,2,70,30
V-000932,UY-00633,20240211,C-0629,G-005,P-004,MP-2,3,249780,41550
V-000933,UY-00634,20240212,C-0630,G-001,P-006,MP-5,9,189280,50150
V-000934,UY-00635,20240213,C-0631,G-005,P-002,MP-5,29,3310,1540
V-000935,UY-00636,20240216,C-0632,G-004,P-011,MP-2,14,5040,1310
V-000936,UY-00636,20240216,C-0632,G-004,P-003,MP-5,5,399500,73220
V-000937,UY-00637,20240219,C-0633,G-005,P-009,MP-4,6,144180,31400
V-000938,UY-00638,20240220,C-0634,G-009,P-012,MP-2,4,264490,49540
V-000939,UY-00638,20240220,C-0634,G-009,P-009,MP-2,3,54140,12850
V-000940,UY-00639,20240221,C-0635,G-017,P-008,MP-1,3,86440,15630
V-000941,UY-00640,20240225,C-0636,G-005,P-007,MP-3,7,2730,680
V-000942,UY-00640,20240225,C-0636,G-005,P-012,MP-2,1,59700,10540
V-000943,UY-00641,20240228,C-0637,G-016,P-009,MP-2,3,85000,22060
V-000944,UY-00642,20240302,C-0638,G-007,P-002,MP-1,12,1480,550
V-000945,UY-00642,20240302,C-0638,G-007,P-010,MP-2,23,2280,900
V-000946,UY-00643,20240304,C-0639,G-010,P-010,MP-2,18,3190,1220
V-000947,UY-00644,20240310,C-0640,G-004,P-005,MP-1,3,125960,33590
V-000948,UY-00644,20240310,C-0640,G-004,P-010,MP-1,9,1970,800
V-000949,UY-00645,20240311,C-0641,G-001,P-010,MP-3,21,1680,530
V-000950,UY-00646,20240312,C-0642,G-011,P-008,MP-3,6,81170,20280
V-000951,UY-00647,20240313,C-0643,G-015,P-008,MP-4,2,50080,14350
V-000952,UY-00647,20240313,C-0643,G-015,P-001,MP-5,5,131260,35220
V-000953,UY-00648,20240315,C-0644,G-002,P-006,MP-3,10,102890,21950
V-000954,UY-00648,20240315,C-0644,G-002,P-001,MP-4,4,195920,55640
V-000955,UY-00649,20240317,C-0645,G-008,P-004,MP-2,4,311820,72780
V-000956,UY-00649,20240317,C-0645,G-008,P-002,MP-1,25,1680,630
V-000957,UY-00650,20240317,C-0646,G-002,P-008,MP-3,4,72440,18670
V-000958,UY-00651,20240321,C-0647,G-018,P-010,MP-3,28,3300,1540
V-000959,UY-00652,20240323,C-0043,G-012,P-009,MP-3,5,76140,23550
V-000960,UY-00653,20240324,C-0648,G-009,P-001,MP-4,1,50980,14670
V-000961,UY-00654,20240327,C-0649,G-001,P-005,MP-2,3,50710,12560
V-000962,UY-00654,20240327,C-0649,G-001,P-007,MP-1,9,3850,1040
V-000963,UY-00655,20240327,C-0650,G-008,P-010,MP-2,25,3920,1200
V-000964,UY-00655,20240327,C-0650,G-008,P-011,MP-4,8,3300,1150
V-000965,UY-00656,20240330,C-0651,G-006,P-003,MP-4,5,379520,50250
V-000966,UY-00657,20240330,C-0652,G-006,P-009,MP-5,5,200360,42920
V-000967,UY-00658,20240402,C-0653,G-009,P-007,MP-4,10,3040,860
V-000968,UY-00659,20240407,C-0654,G-013,P-011,MP-1,17,3540,1510
V-000969,UY-00660,20240410,C-0655,G-002,P-004,MP-5,4,214750,39200
V-000970,UY-00661,20240413,C-0656,G-016,P-006,MP-3,8,79400,23440
V-000971,UY-00662,20240416,C-0657,G-018,P-007,MP-2,12,4320,1370
V-000972,UY-00662,20240416,C-0657,G-018,P-002,MP-2,36,2560,1010
V-000973,UY-00663,20240416,C-0658,G-013,P-003,MP-3,5,169480,19540
V-000974,UY-00664,20240416,C-0659,G-018,P-007,MP-3,5,2080,650
V-000975,UY-00665,20240416,C-0660,G-003,P-003,MP-4,2,152520,25970
V-000976,UY-00665,20240416,C-0660,G-003,P-004,MP-2,2,127410,21530
V-000977,UY-00666,20240423,C-0661,G-011,P-002,MP-4,31,1640,740
V-000978,UY-00667,20240424,C-0662,G-009,P-009,MP-3,1,31880,6900
V-000979,UY-00668,20240425,C-0663,G-009,P-010,MP-2,25,2180,1050
V-000980,UY-00668,20240425,C-0663,G-009,P-003,MP-1,5,367400,58870
V-000981,UY-00669,20240429,C-0664,G-014,P-003,MP-4,2,84950,13030
V-000982,UY-00669,20240429,C-0664,G-014,P-004,MP-4,1,102400,21960
V-000983,UY-00669,20240429,C-0664,G-014,P-004,MP-2,1,51040,8730
V-000984,UY-00669,20240429,C-0664,G-014,P-009,MP-2,3,103080,19480
V-000985,UY-00670,20240429,C-0665,G-017,P-002,MP-4,19,2830,1240
V-000986,UY-00670,20240429,C-0665,G-017,P-009,MP-5,4,140540,44490
V-000987,UY-00670,20240429,C-0665,G-017,P-006,MP-1,9,102200,30160
V-000988,UY-00671,20240501,C-0666,G-007,P-011,MP-1,23,5110,1730
V-000989,UY-00672,20240502,C-0667,G-011,P-004,MP-2,4,253220,47350
V-000990,UY-00673,20240502,C-0668,G-014,P-009,MP-1,4,47700,15130
V-000991,UY-00674,20240505,C-0669,G-004,P-004,MP-4,3,316590,68350
V-000992,UY-00675,20240508,C-0670,G-014,P-007,MP-1,24,8760,2160
V-000993,UY-00676,20240511,C-0671,G-004,P-002,MP-1,34,1870,570
V-000994,UY-00677,20240513,C-0672,G-013,P-006,MP-5,3,62200,14090
V-000995,UY-00677,20240513,C-0672,G-013,P-006,MP-4,3,19500,6660
V-000996,UY-00678,20240514,C-0673,G-006,P-006,MP-1,1,16940,4150
V-000997,UY-00679,20240519,C-0674,G-005,P-009,MP-2,4,130220,36260
V-000998,UY-00679,20240519,C-0674,G-005,P-007,MP-1,24,8210,2110
V-000999,UY-00680,20240520,C-0675,G-016,P-009,MP-4,2,30500,9130
V-001000,UY-00681,20240521,C-0676,G-009,P-008,MP-4,1,18460,3490
V-001001,UY-00682,20240521,C-0677,G-006,P-011,MP-4,6,2240,780
V-001002,UY-00683,20240524,C-0678,G-014,P-001,MP-5,6,153770,43370
V-001003,UY-00684,20240526,C-0679,G-014,P-002,MP-3,23,2250,910
V-001004,UY-00685,20240528,C-0680,G-018,P-003,MP-2,4,173110,30320
V-001005,UY-00685,20240528,C-0680,G-018,P-001,MP-2,3,128570,24810
V-001006,UY-00686,20240529,C-0681,G-005,P-009,MP-4,2,55900,16190
V-001007,UY-00687,20240529,C-0682,G-011,P-006,MP-2,7,89600,28630
V-001008,UY-00688,20240530,C-0683,G-017,P-011,MP-2,2,770,330
V-001009,UY-00688,20240530,C-0683,G-017,P-007,MP-5,12,4490,1520
V-001010,UY-00688,20240530,C-0683,G-017,P-003,MP-4,3,82930,13740
V-001011,UY-00689,20240531,C-0684,G-003,P-002,MP-5,33,1720,730
V-001012,UY-00689,20240531,C-0684,G-003,P-009,MP-5,5,79750,16120
V-001013,UY-00690,20240606,C-0685,G-016,P-008,MP-5,4,125090,28760
V-001014,UY-00690,20240606,C-0685,G-016,P-006,MP-4,1,19070,4200
V-001015,UY-00691,20240607,C-0686,G-012,P-012,MP-2,2,169010,21340
V-001016,UY-00692,20240608,C-0687,G-017,P-008,MP-4,5,44700,8810
V-001017,UY-00692,20240608,C-0687,G-017,P-002,MP-1,1,100,50
V-001018,UY-00692,20240608,C-0687,G-017,P-004,MP-2,2,123370,26680
V-001019,UY-00693,20240612,C-0688,G-015,P-003,MP-2,2,134040,16760
V-001020,UY-00693,20240612,C-0688,G-015,P-011,MP-3,11,5820,2370
V-001021,UY-00693,20240612,C-0688,G-015,P-009,MP-2,1,28650,8520
V-001022,UY-00693,20240612,C-0688,G-015,P-002,MP-2,40,3160,1300
V-001023,UY-00694,20240615,C-0689,G-012,P-010,MP-4,11,1470,510
V-001024,UY-00695,20240615,C-0690,G-002,P-001,MP-3,2,19140,4310
V-001025,UY-00696,20240615,C-0691,G-002,P-001,MP-4,6,87500,15790
V-001026,UY-00697,20240616,C-0692,G-004,P-009,MP-5,5,79040,21610
V-001027,UY-00697,20240616,C-0692,G-004,P-012,MP-4,1,78530,8400
V-001028,UY-00697,20240616,C-0692,G-004,P-008,MP-3,5,145150,39810
V-001029,UY-00697,20240616,C-0692,G-004,P-009,MP-3,2,25080,7540
V-001030,UY-00698,20240616,C-0693,G-015,P-004,MP-5,1,52460,10780
V-001031,UY-00699,20240616,C-0694,G-010,P-007,MP-2,4,1570,470
V-001032,UY-00699,20240616,C-0694,G-010,P-001,MP-4,1,11510,2360
V-001033,UY-00700,20240622,C-0695,G-011,P-008,MP-4,5,55200,13800
V-001034,UY-00701,20240623,C-0696,G-016,P-002,MP-4,27,3970,1770
V-001035,UY-00701,20240623,C-0696,G-016,P-001,MP-3,4,15510,3220
V-001036,UY-00701,20240623,C-0696,G-016,P-008,MP-2,5,54950,10780
V-001037,UY-00702,20240625,C-0697,G-005,P-007,MP-1,9,3060,820
V-001038,UY-00702,20240625,C-0697,G-005,P-010,MP-1,4,680,220
V-001039,UY-00703,20240626,C-0698,G-001,P-001,MP-2,4,188470,53500
V-001040,UY-00704,20240701,C-0699,G-013,P-001,MP-4,3,121800,28570
V-001041,UY-00704,20240701,C-0699,G-013,P-007,MP-2,7,2300,640
V-001042,UY-00705,20240702,C-0700,G-010,P-004,MP-2,3,145460,39470
V-001043,UY-00705,20240702,C-0700,G-010,P-006,MP-3,1,3880,1300
V-001044,UY-00705,20240702,C-0700,G-010,P-001,MP-5,6,86730,19820
V-001045,UY-00705,20240702,C-0700,G-010,P-007,MP-5,22,6620,2140
V-001046,UY-00706,20240702,C-0701,G-018,P-007,MP-3,20,6180,1500
V-001047,UY-00706,20240702,C-0701,G-018,P-007,MP-1,19,8230,2730
V-001048,UY-00707,20240704,C-0702,G-014,P-008,MP-5,1,29980,7410
V-001049,UY-00708,20240705,C-0703,G-010,P-009,MP-4,1,13140,3920
V-001050,UY-00708,20240705,C-0703,G-010,P-011,MP-5,20,8460,2190
V-001051,UY-00709,20240707,C-0704,G-014,P-001,MP-2,5,126330,34970
V-001052,UY-00710,20240708,C-0705,G-012,P-007,MP-4,4,1230,340
V-001053,UY-00711,20240709,C-0706,G-011,P-007,MP-1,21,7200,1800
V-001054,UY-00711,20240709,C-0706,G-011,P-007,MP-1,16,4800,1660
V-001055,UY-00711,20240709,C-0706,G-011,P-009,MP-1,4,61680,15440
V-001056,UY-00711,20240709,C-0706,G-011,P-010,MP-2,2,400,130
V-001057,UY-00712,20240711,C-0707,G-011,P-009,MP-2,6,153490,43580
V-001058,UY-00713,20240713,C-0708,G-012,P-008,MP-4,6,87130,22740
V-001059,UY-00714,20240718,C-0709,G-016,P-002,MP-1,24,2060,840
V-001060,UY-00715,20240718,C-0710,G-001,P-001,MP-4,5,88420,20000
V-001061,UY-00716,20240727,C-0711,G-017,P-010,MP-5,15,1080,420
V-001062,UY-00717,20240728,C-0712,G-010,P-010,MP-5,20,3960,1360
V-001063,UY-00717,20240728,C-0712,G-010,P-005,MP-5,1,37330,6030
V-001064,UY-00718,20240730,C-0713,G-013,P-007,MP-3,6,2110,690
V-001065,UY-00719,20240731,C-0714,G-002,P-009,MP-1,5,129960,37040
V-001066,UY-00720,20240801,C-0715,G-001,P-010,MP-4,14,2560,820
V-001067,UY-00721,20240806,C-0716,G-015,P-001,MP-5,3,164070,49360
V-001068,UY-00721,20240806,C-0716,G-015,P-010,MP-4,16,2720,1160
V-001069,UY-00721,20240806,C-0716,G-015,P-002,MP-5,15,2260,750
V-001070,UY-00722,20240807,C-0717,G-009,P-012,MP-1,3,295680,43910
V-001071,UY-00723,20240809,C-0718,G-018,P-006,MP-2,4,26750,6390
V-001072,UY-00724,20240821,C-0719,G-009,P-003,MP-4,4,328910,45440
V-001073,UY-00724,20240821,C-0719,G-009,P-003,MP-3,3,101980,13380
V-001074,UY-00725,20240821,C-0720,G-010,P-012,MP-5,4,162740,22380
V-001075,UY-00726,20240823,C-0721,G-003,P-001,MP-2,3,124030,38430
V-001076,UY-00726,20240823,C-0721,G-003,P-011,MP-5,18,4950,1970
V-001077,UY-00726,20240823,C-0721,G-003,P-004,MP-3,2,117510,30460
V-001078,UY-00727,20240829,C-0722,G-007,P-002,MP-2,16,1760,880
V-001079,UY-00728,20240831,C-0723,G-008,P-011,MP-2,23,11090,4230
V-001080,UY-00729,20240901,C-0724,G-012,P-005,MP-2,5,123540,27270
V-001081,UY-00729,20240901,C-0724,G-012,P-007,MP-1,22,8270,1810
V-001082,UY-00730,20240904,C-0725,G-015,P-006,MP-3,10,43070,13780
V-001083,UY-00730,20240904,C-0725,G-015,P-005,MP-2,1,9910,1800
V-001084,UY-00731,20240906,C-0726,G-001,P-010,MP-3,18,3890,1760
V-001085,UY-00732,20240908,C-0727,G-017,P-012,MP-2,1,111740,21910
V-001086,UY-00732,20240908,C-0727,G-017,P-006,MP-3,4,40260,14060
V-001087,UY-00733,20240913,C-0728,G-007,P-012,MP-2,4,444510,66030
V-001088,UY-00734,20240913,C-0729,G-012,P-008,MP-2,3,32440,6280
V-001089,UY-00734,20240913,C-0729,G-012,P-010,MP-1,3,270,110
V-001090,UY-00735,20240917,C-0730,G-015,P-003,MP-2,4,154830,32340
V-001091,UY-00735,20240917,C-0730,G-015,P-003,MP-2,2,69530,14780
V-001092,UY-00736,20240919,C-0731,G-013,P-004,MP-1,2,200470,54560
V-001093,UY-00737,20240921,C-0732,G-005,P-009,MP-2,6,149960,30250
V-001094,UY-00738,20240924,C-0733,G-007,P-003,MP-1,5,272120,50190
V-001095,UY-00738,20240924,C-0733,G-007,P-002,MP-3,29,1160,540
V-001096,UY-00739,20241001,C-0734,G-005,P-007,MP-2,17,6820,1880
V-001097,UY-00739,20241001,C-0734,G-005,P-001,MP-4,3,162160,48830
V-001098,UY-00740,20241005,C-0735,G-002,P-004,MP-4,4,294360,50300
V-001099,UY-00740,20241005,C-0735,G-002,P-012,MP-2,4,350350,44690
V-001100,UY-00741,20241005,C-0736,G-007,P-002,MP-3,8,580,200
V-001101,UY-00742,20241007,C-0737,G-011,P-007,MP-4,18,8280,2000
V-001102,UY-00743,20241008,C-0738,G-008,P-007,MP-3,8,3400,730
V-001103,UY-00743,20241008,C-0738,G-008,P-003,MP-1,2,44470,8580
V-001104,UY-00744,20241012,C-0739,G-015,P-007,MP-3,1,350,100
V-001105,UY-00745,20241015,C-0740,G-010,P-007,MP-1,19,7790,1620
V-001106,UY-00746,20241017,C-0741,G-009,P-010,MP-3,9,1110,530
V-001107,UY-00746,20241017,C-0741,G-009,P-005,MP-3,5,31080,8100
V-001108,UY-00747,20241021,C-0742,G-003,P-011,MP-4,5,2660,1070
V-001109,UY-00747,20241021,C-0742,G-003,P-012,MP-1,2,126690,14830
V-001110,UY-00748,20241021,C-0743,G-004,P-010,MP-4,15,2940,1420
V-001111,UY-00749,20241026,C-0744,G-003,P-010,MP-4,27,2380,900
V-001112,UY-00750,20241031,C-0745,G-016,P-006,MP-5,1,11420,3820
V-001113,UY-00751,20241110,C-0746,G-009,P-011,MP-5,25,12550,4420
V-001114,UY-00751,20241110,C-0746,G-009,P-005,MP-5,2,69900,15430
V-001115,UY-00752,20241114,C-0747,G-018,P-010,MP-4,21,2880,1140
V-001116,UY-00753,20241117,C-0748,G-003,P-002,MP-1,15,2480,860
V-001117,UY-00754,20241121,C-0749,G-015,P-009,MP-1,2,42660,7980
V-001118,UY-00755,20241122,C-0750,G-015,P-006,MP-1,3,45020,15440
V-001119,UY-00755,20241122,C-0750,G-015,P-009,MP-3,1,18270,5150
V-001120,UY-00756,20241124,C-0751,G-002,P-004,MP-4,4,230960,46800
V-001121,UY-00756,20241124,C-0751,G-002,P-009,MP-2,4,57120,12050
V-001122,UY-00757,20241125,C-0752,G-015,P-005,MP-1,4,46220,11180
V-001123,UY-00758,20241125,C-0753,G-015,P-010,MP-3,23,2050,820
V-001124,UY-00758,20241125,C-0753,G-015,P-008,MP-3,6,100610,30310
V-001125,UY-00759,20241127,C-0754,G-010,P-006,MP-1,6,50720,15340
V-001126,UY-00760,20241205,C-0755,G-017,P-003,MP-2,2,86950,18540
V-001127,UY-00760,20241205,C-0755,G-017,P-008,MP-2,4,52120,15910
V-001128,UY-00761,20241206,C-0756,G-007,P-009,MP-3,2,42760,13580
V-001129,UY-00761,20241206,C-0756,G-007,P-011,MP-3,3,970,350
V-001130,UY-00761,20241206,C-0756,G-007,P-011,MP-4,3,1010,290
V-001131,UY-00762,20241207,C-0757,G-009,P-005,MP-3,4,77900,12360
V-001132,UY-00763,20241209,C-0758,G-002,P-011,MP-2,10,4170,1200
V-001133,UY-00764,20241212,C-0759,G-007,P-007,MP-1,26,10400,2210
V-001134,UY-00764,20241212,C-0759,G-007,P-003,MP-2,2,93100,18880
V-001135,UY-00764,20241212,C-0759,G-007,P-002,MP-1,28,4730,2080
V-001136,UY-00764,20241212,C-0759,G-007,P-004,MP-5,4,437390,66940
V-001137,UY-00765,20241214,C-0760,G-010,P-003,MP-5,4,45380,8600
V-001138,UY-00766,20241219,C-0761,G-012,P-010,MP-3,23,4580,2030
V-001139,UY-00767,20241219,C-0762,G-015,P-010,MP-4,3,520,160
V-001140,UY-00768,20241226,C-0763,G-009,P-002,MP-1,31,3470,1470
V-001141,UY-00768,20241226,C-0763,G-009,P-008,MP-3,2,65190,11820
V-001142,UY-00769,20241227,C-0764,G-002,P-009,MP-2,4,46940,9040
V-001143,UY-00770,20241227,C-0765,G-003,P-005,MP-4,4,143780,27940
V-001144,UY-00770,20241227,C-0765,G-003,P-001,MP-4,5,189820,36710
V-001145,UY-00771,20241227,C-0766,G-016,P-005,MP-4,3,24540,4000
V-001146,UY-00771,20241227,C-0766,G-016,P-009,MP-3,5,114050,29470
V-001147,UY-00772,20241228,C-0767,G-003,P-010,MP-4,8,1290,630
V-001148,UY-00773,20241229,C-0768,G-005,P-004,MP-1,3,102240,19810
V-001149,UY-00774,20241230,C-0769,G-017,P-007,MP-2,26,8030,2060
V-001150,UY-00774,20241230,C-0769,G-017,P-009,MP-2,6,245990,54510
V-001151,UY-00775,20250103,C-0770,G-011,P-009,MP-2,6,103920,19620
V-001152,UY-00776,20250106,C-0771,G-006,P-004,MP-1,3,302620,56860
V-001153,UY-00777,20250106,C-0772,G-009,P-010,MP-1,13,910,390
V-001154,UY-00777,20250106,C-0772,G-009,P-005,MP-4,1,18100,3240
V-001155,UY-00778,20250111,C-0773,G-011,P-002,MP-4,5,880,390
V-001156,UY-00779,20250114,C-0774,G-016,P-002,MP-1,9,930,370
V-001157,UY-00780,20250115,C-0775,G-006,P-010,MP-3,10,1870,650
V-001158,UY-00781,20250115,C-0776,G-002,P-009,MP-2,6,104540,26250
V-001159,UY-00782,20250125,C-0777,G-008,P-003,MP-1,4,209340,38630
V-001160,UY-00783,20250127,C-0778,G-015,P-010,MP-5,25,2620,930
V-001161,UY-00784,20250127,C-0779,G-010,P-001,MP-2,1,20080,4930
V-001162,UY-00785,20250129,C-0780,G-001,P-007,MP-5,6,2540,520
V-001163,UY-00785,20250129,C-0780,G-001,P-001,MP-3,6,229360,61400
V-001164,UY-00786,20250130,C-0781,G-002,P-012,MP-4,2,232020,26370
V-001165,UY-00786,20250130,C-0781,G-002,P-005,MP-1,4,123780,27140
V-001166,UY-00786,20250130,C-0781,G-002,P-005,MP-2,1,28250,7850
V-001167,UY-00787,20250201,C-0782,G-018,P-004,MP-3,4,387300,104780
V-001168,UY-00788,20250202,C-0783,G-011,P-012,MP-4,4,458540,70230
V-001169,UY-00789,20250202,C-0784,G-003,P-002,MP-1,13,1330,570
V-001170,UY-00790,20250204,C-0785,G-007,P-004,MP-2,1,100200,23060
V-001171,UY-00791,20250209,C-0786,G-010,P-010,MP-2,2,320,100
V-001172,UY-00792,20250211,C-0787,G-009,P-007,MP-4,22,8980,2260
V-001173,UY-00793,20250214,C-0788,G-016,P-003,MP-1,4,127080,24600
V-001174,UY-00794,20250216,C-0789,G-009,P-012,MP-2,4,207480,33530
V-001175,UY-00794,20250216,C-0789,G-009,P-006,MP-3,9,32300,9650
V-001176,UY-00795,20250218,C-0790,G-017,P-007,MP-1,28,12880,4310
V-001177,UY-00796,20250219,C-0791,G-005,P-001,MP-4,1,31450,6840
V-001178,UY-00797,20250220,C-0792,G-004,P-007,MP-2,12,5120,1220
V-001179,UY-00797,20250220,C-0792,G-004,P-012,MP-1,1,103300,19350
V-001180,UY-00798,20250224,C-0793,G-002,P-008,MP-5,1,26570,5460
V-001181,UY-00798,20250224,C-0793,G-002,P-012,MP-3,4,429080,52490
V-001182,UY-00799,20250224,C-0794,G-007,P-011,MP-3,7,3070,1360
V-001183,UY-00800,20250226,C-0795,G-007,P-008,MP-3,5,141360,34320
V-001184,UY-00801,20250227,C-0796,G-007,P-001,MP-5,1,34380,7480
V-001185,UY-00802,20250301,C-0797,G-016,P-006,MP-2,10,238770,76090
V-001186,UY-00802,20250301,C-0797,G-016,P-002,MP-4,3,520,230
V-001187,UY-00803,20250307,C-0798,G-018,P-011,MP-4,10,2260,890
V-001188,UY-00803,20250307,C-0798,G-018,P-008,MP-5,2,37320,7400
V-001189,UY-00803,20250307,C-0798,G-018,P-012,MP-1,1,103440,13400
V-001190,UY-00804,20250308,C-0799,G-008,P-003,MP-5,5,201550,41710
V-001191,UY-00805,20250310,C-0800,G-012,P-002,MP-3,28,3750,1690
V-001192,UY-00805,20250310,C-0800,G-012,P-003,MP-1,1,42780,6100
V-001193,UY-00806,20250314,C-0801,G-004,P-007,MP-5,27,12770,4440
V-001194,UY-00807,20250315,C-0802,G-010,P-001,MP-5,3,55720,16080
